VIAL,SAMPLE,SITE,PLOT,TREAT,CORNER,ORG_MIN,COARSE_FINE,DEPTH,DIVID,BAG,VIAL_WEIGHT,NOTES
1,20_1C_MF,,20_1,1,C,M,F,FULL,N,NA,2.77,
2,22_3SW_MF,,22_3,3,SW,M,F,FULL,N,NA,0.3,
3,55_3C_MF,,55_3,3,C,M,F,FULL,N,NA,0.72,
4,65_1NE_MF,,65_1,1,NE,M,F,5_10,Y,NA,3.98,
5,58_0C_MF,,58_0,0,C,M,F,0_5,Y,NA,0,
6,64_1SE_MF,,64_1,1,SE,M,F,5_10,Y,NA,2.29,
7,65_1C_MF,,65_1,1,C,M,F,5_10,Y,NA,3.24,
8,64_1NW_MF,,64_1,1,NW,M,F,0_5,Y,NA,3.43,
9,65_1SE_MF,,65_1,1,SE,M,F,0_5,Y,NA,0.53,
10,64_1NW_MF,,64_1,1,NW,M,F,5_10,Y,NA,7.88,
11,52_1C_MF,,52_1,1,C,M,F,5_10,Y,NA,1.9,
12,54_3SW_MF,,54_3,3,SW,M,F,FULL,N,NA,2.06,
13,52_1NE_MF,,52_1,1,NE,M,F,0_5,Y,NA,4.84,
14,52_1NW_MF,,52_1,1,NW,M,F,5_10,Y,NA,1.66,
15,47_2NE_MF,,47_2,2,NE,M,F,0_5,Y,NA,1.81,
16,19_2SE_MF,,19_2,2,SE,M,F,FULL,N,NA,12.27,
17,52_1SW_MF,,52_1,1,SW,M,F,10_15,Y,NA,12.19,
18,65_1NW_MF,DALTON,65_1,1,NW,M,F,5_10,Y,NA,6.62,
19,64_1SE_MF,DALTON,64_1,1,SE,M,F,0_5,Y,NA,7.37,
20,10_0NW_MF,,10_0,0,NW,M,F,10_15,Y,NA,9.36,
21,18_1NE_MF,,18_1,1,NE,M,F,FULL,N,NA,10.9,
22,28_1SE_MF,,28_1,1,SE,M,F,FULL,Y,NA,12.37,
23,25_3C_MF,,25_3,3,C,M,F,FULL,N,NA,9.98,
24,50_1NW_MF,,50_1,1,NW,M,F,10_15,Y,NA,8.06,
25,16_2NW_MF,,16_2,2,NW,M,F,FULL,N,NA,10.19,
26,22_3C_MF,,22_3,3,C,M,F,FULL,N,NA,9.54,
27,35_3C_MF,,35_3,3,C,M,F,FULL,N,NA,10.04,
28,10_0C_MF,,10_0,0,C,M,F,5_10,Y,NA,9.17,
29,16_2SW_MF,,16_2,2,SW,M,F,FULL,N,NA,8.92,
30,17_3C_MF,,17_3,3,C,M,F,FULL,N,NA,10.11,
31,52_1SW_MF,,52_1,1,SW,M,F,5_10,Y,NA,7.94,
32,14_3SW_MF,,14_3,3,SW,M,F,FULL,N,NA,11.16,
33,52_1SW_MF,,52_1,1,SW,M,F,0_5,Y,NA,10,
34,11_0NE_MF,,11_0,0,NE,M,F,10_15,Y,NA,7.37,
35,4_2NE_MF,,4_2,2,NE,M,F,FULL,N,NA,5.89,
36,34_2SE_MF,,34_2,2,SE,M,F,FULL,N,NA,11.71,
37,17_3NW_MF,,17_3,3,NW,M,F,FULL,N,NA,8.8,
38,4_2SE_MF,,4_2,2,SE,M,F,FULL,N,NA,8.53,
39,5_1SE_MF,,5_1,1,SE,M,F,FULL,N,NA,10.65,
40,55_3SE_MF,,55_3,3,SE,M,F,FULL,N,NA,7.5,
41,12_1C_MF,,12_1,1,C,M,F,10_15,Y,NA,8.55,
42,17_3NE_MF,,17_3,3,NE,M,F,FULL,N,NA,10.9,
43,58_0SE_MF,,58_0,0,SE,M,F,10_15,Y,NA,11.29,
44,36_1NW_MF,,36_1,1,NW,M,F,FULL,N,NA,9.63,
45,19_2SW_MF,,19_2,2,SW,M,F,FULL,N,NA,7.24,
46,50_1NE_MF,,50_1,1,NE,M,F,10_15,Y,NA,8.78,
47,10_0NW_MF,,10_0,0,NW,M,F,0_5,Y,NA,11.08,
48,58_0NE_MF,,58_0,0,NE,M,F,0_5,Y,NA,11.09,
49,39_2NW_MF,,39_2,2,NW,M,F,FULL,N,NA,11.98,
50,58_0NW_MF,,58_0,0,NW,M,F,5_10,Y,NA,12.21,
51,42_1SW_MF,,42_1,1,SW,M,F,FULL,N,NA,12.08,
52,15_3NW_MF,,15_3,3,NW,M,F,10_15,Y,NA,11.61,
53,15_3C_MF,,15_3,3,C,M,F,10_15,Y,NA,12.39,
54,56_2SE_MF,,56_2,2,SE,M,F,0_5,Y,NA,10.67,
55,57_2NE_MF,,57_2,2,NE,M,F,0_5,Y,NA,11.74,
56,58_0C_MF,,58_0,0,C,M,F,5_10,Y,NA,7.95,
57,22_3NW_MF,,22_3,3,NW,M,F,FULL,N,NA,10.91,
58,57_2C_MF,,57_2,2,C,M,F,0_5,Y,NA,7.57,
59,34_2SW_MF,,34_2,2,SW,M,F,FULL,N,NA,14,
60,28_1NW_MF,,28_1,1,NW,M,F,FULL,N,NA,11.6,
61,57_2NW_MF,,57_2,2,NW,M,F,10_15,Y,NA,9.89,
62,57_2NW_MF,,57_2,2,NW,M,F,5_10,Y,NA,11.93,
63,37_3NE_MF,,37_3,3,NE,M,F,5_10,Y,NA,9.88,
64,15_3SE_MF,,15_3,3,SE,M,F,10_15,Y,NA,12.16,
65,20_1SW_MF,,20_1,1,SW,M,F,FULL,N,NA,11.4,
66,15_3NE_MF,,15_3,3,NE,M,F,5_10,Y,NA,11.04,
67,27_2NE_MF,,27_2,2,NE,M,F,FULL,N,NA,10.61,
68,11_0NW_MF,,11_0,0,NW,M,F,0_5,Y,NA,7.52,
69,7_3NE_MF,,7_3,3,NE,M,F,FULL,N,NA,11.13,
70,36_1C_MF,,36_1,1,C,M,F,FULL,N,NA,13.87,
71,23_3NW_MF,,23_3,3,NW,M,F,FULL,N,NA,11.75,
72,16_2SE_MF,,16_2,2,SE,M,F,FULL,N,NA,10.57,
73,57_2C_MF,,57_2,2,C,M,F,5_10,Y,NA,12.6,
74,57_2NW_MF,,57_2,2,NW,M,F,0_5,Y,NA,9.87,
75,57_2NE_MF,,57_2,2,NE,M,F,5_10,Y,NA,11.98,
76,57_2SE_MF,,57_2,2,SE,M,F,0_5,Y,NA,9.76,
77,32_2SE_MF,,32_2,2,SE,M,F,0_5,Y,NA,4.91,
78,57_2NE_MF,,57_2,2,NE,M,F,10_15,Y,NA,11.05,
79,56_2SW_MF,,56_2,2,SW,M,F,0_5,Y,NA,10.69,
80,32_2C_MF,,32_2,2,C,M,F,0_5,Y,NA,8.13,
81,56_2SW_MF,,56_2,2,SW,M,F,5_10,Y,NA,10.4,
82,32_2NW_MF,DALTON,32_2,2,NW,M,F,10_15,Y,NA,10.71,
83,32_2NW_MF,DALTON,32_2,2,NW,M,F,0_5,Y,NA,11.04,
84,32_2SW_MF,DALTON,32_2,2,SW,M,F,0_5,Y,NA,8.62,
85,32_2NW_MF,DALTON,32_2,2,NW,M,F,5_10,Y,NA,10.71,
86,47_2C_MF,,47_2,2,C,M,F,0_5,Y,NA,5.92,
87,47_2NE_MF,,47_2,2,NE,M,F,5_10,Y,NA,11.35,
88,65_1NE_MF,,65_1,1,NE,M,F,10_15,Y,NA,11.46,
89,47_2C_MF,,47_2,2,C,M,F,10_15,Y,NA,8.93,
90,56_2NE_MF,DALTON,56_2,2,NE,M,F,0_5,Y,NA,7.66,
91,47_2NW_MF,,47_2,2,NW,M,F,5_10,Y,33,12.46,NO COARSE
92,56_2NW_MF,DALTON,56_2,2,NW,M,F,10_15,Y,NA,10.95,
93,56_2NW_MF,DALTON,56_2,2,NW,M,F,0_5,Y,NA,7.2,
94,47_2C_MF,,47_2,2,C,M,F,5_10,Y,NA,4.51,
95,56_2C_MF,DALTON,56_2,2,C,M,F,0_5,Y,NA,9.43,
96,56_2SW_MF,DALTON,56_2,2,SW,M,F,10_15,Y,NA,9.67,
97,56_2NW_MF,DALTON,56_2,2,NW,M,F,5_10,Y,NA,7.42,
98,39_2NW_MF,DALTON,39_2,2,NW,M,F,0_5,Y,NA,7.97,
99,39_2C_MF,DALTON,39_2,2,C,M,F,0_5,Y,NA,9.88,
100,37_3SW_MF,DALTON,37_3,3,SW,M,F,5_10,Y,NA,10.45,
101,15_3SE_MF,DALTON,15_3,3,SE,M,F,0_5,Y,NA,5.8,
102,37_3NW_MF,DALTON,37_3,3,NW,M,F,10_15,Y,NA,9.12,
103,37_3SE_MF,DALTON,37_3,3,SE,M,F,0_5,Y,NA,9.5,
104,15_3NE_MF,DALTON,15_3,3,NE,M,F,0_5,Y,NA,7.84,
105,15_3NW_MF,DALTON,15_3,3,NW,M,F,0_5,Y,NA,7.6,
106,32_2SW_MF,DALTON,32_2,2,SW,M,F,5_10,Y,NA,15.54,
107,32_2SE_MF,DALTON,32_2,2,SE,M,F,5_10,Y,NA,11.12,
108,37_3NW_MF,DALTON,37_3,3,NW,M,F,0_5,Y,NA,9.2,
109,32_2SE_MF,DALTON,32_2,2,SE,M,F,10_15,Y,NA,13.38,
110,32_2SW_MF,DALTON,32_2,2,SW,M,F,10_15,Y,NA,13.06,
111,32_2C_MF,DALTON,32_2,2,C,M,F,5_10,Y,NA,10.37,
112,15_3SE_MF,DALTON,15_3,3,SW,M,F,0_5,Y,NA,6.17,
113,15_3C_MF,DALTON,15_3,3,C,M,F,0_5,Y,NA,7.12,
114,32_2C_MF,DALTON,32_2,2,C,M,F,10_15,Y,NA,13.57,
115,32_2NE_MF,DALTON,32_2,2,NE,M,F,0_5,Y,NA,7.84,
116,32_3NE_MF,DALTON,32_2,2,NE,M,F,5_10,Y,NA,10.59,
117,37_3SW_MF,DALTON,37_3,3,SW,M,F,0_5,Y,NA,7.65,
118,57_2SW_MF,DALTON,57_2,2,SW,M,F,10_15,Y,NA,11.05,
119,33_1SW_MF,STEESE,33_1,1,SW,M,F,FULL,N,NA,10.93,
120,64_1SW_MF,DALTON,64_1,1,SW,M,F,5_10,Y,NA,13.57,
121,11_0SW_MF,DALTON,11_0,0,SW,M,F,10_15,Y,NA,10.34,NO COARSE
122,52_1NE_MF,DALTON,52_1,1,NE,M,F,10_15,Y,NA,13.91,
123,64_1C_MF,DALTON,64_1,1,C,M,F,5_10,Y,NA,10.82,
124,64_1NE_MF,DALTON,64_1,1,NE,M,F,10_15,Y,NA,13.43,
125,12_1NE_MF,DALTON,12_1,1,NE,M,F,0_5,Y,NA,6.15,
126,29_1SE_MF,STEESE,29_1,1,SE,M,F,FULL,N,NA,11.67,
127,54_3SE_MF,DALTON,54_3,3,SE,M,F,FULL,N,NA,14.05,
128,65_1SW_MF,DALTON,65_1,1,SW,M,F,5_10,Y,NA,10.88,
129,56_2NE_MF,DALTON,56_2,2,NE,M,F,5_10,Y,NA,8.46,
130,37_3SW_MF,DALTON,37_3,3,SW,M,F,10_15,Y,NA,10.38,
131,37_3_NE_MF,DALTON,37_3,3,NE,M,F,0_5,Y,NA,8.96,
132,8_2C_MF,DALTON,8_2,2,C,M,F,FULL,N,NA,8.9,
133,37_3_SE_MF,DALTON,37_3,3,SE,M,F,10_15,Y,NA,12.32,
134,11_0NE_MF,DALTON,11_0,0,NE,M,F,5_10,Y,NA,9.75,NO COARSE
135,37_3NW_MF,DALTON,37_3,3,NW,M,F,5_10,Y,NA,10.17,
136,37_3C_MF,DALTON,37_3,3,C,M,F,5_10,Y,NA,11.2,
137,37_3SE_MF,DALTON,37_3,3,SE,M,F,0_5,Y,NA,11.37,
138,25_3_SW_MF,STEESE,25_3,3,SW,M,F,FULL,N,NA,12.21,
139,4_2_SW_MF,STEESE,4_2,2,SW,M,F,FULL,N,NA,12.39,
140,17_3SW_MF,STEESE,17_3,3,SW,M,F,FULL,N,NA,13.52,
141,12_1C_MF,,12_1,1,C,M,F,0_5,Y,NA,3.14,
142,20_1SE_MF,,20_1,1,SE,M,F,FULL,N,NA,11.78,
143,22_3NE_MF,,22_3,3,NE,M,F,FULL,N,NA,7.93,
144,5_1NE_MF,,5_1,1,NE,M,F,FULL,N,NA,10.48,
145,44_0SE_MF,,44_0,0,SE,M,F,FULL,N,NA,13.63,
146,54_3NW_MF,,54_3,3,NW,M,F,FULL,N,NA,12.16,
147,19_2NE_MF,,19_2,2,NE,M,F,FULL,N,NA,9.73,
148,47_2SE_MF,,47_2,2,SE,M,F,5_10,Y,NA,6.77,
149,47_2SE_MF,,47_2,2,SE,M,F,0_5,Y,NA,4.95,
150,42_1SE_MF,,42_1,1,SE,M,F,FULL,N,NA,10.63,
151,10_0NE_MF,,10_0,0,NE,M,F,0_5,Y,NA,9.06,
152,44_0NE_MF,,44_0,0,NE,M,F,FULL,N,NA,8.8,
153,58_0C_MF,,58_0,0,C,M,F,0_5,Y,NA,5.23,
154,58_0NW_MF,,58_0,0,NW,M,F,0_5,Y,NA,8.74,
155,56_2C_MF,DALTON,56_2,2,C,M,F,5_10,Y,NA,12.78,
156,37_3C_MF,,37_3,3,C,M,F,0_5,Y,NA,8.64,
157,52_1NE_MF,,52_1,1,NE,M,F,5_10,Y,NA,12.16,
158,50_1SE_MF,,50_1,1,SE,M,F,0_5,Y,NA,11.43,
159,52_1SE_MF,,52_1,1,SE,M,F,10_15,Y,NA,5.94,
160,65_1NW_MF,,65_1,1,NW,M,F,10_15,Y,NA,8.52,
161,11_0NE_MF,,11_0,0,NE,M,F,0_5,Y,149,6.84,
162,50_1SW_MF,,50_1,1,SW,M,F,0_5,Y,NA,5.12,
163,22_3SE_MF,,22_3,3,SE,M,F,FULL,N,NA,11.95,
164,12_1NW_MF,,12_1,1,NW,M,F,5_10,Y,NA,7.62,
165,11_0NW_MF,,11_0,0,NW,M,F,10_15,Y,NA,10.97,
166,64_1SW_MF,,64_1,1,SW,M,F,10_15,Y,NA,7.44,
167,12_1SW_MF,,12_1,1,SW,M,F,0_5,Y,NA,4.45,
168,41_1C_MF,,41_1,1,C,M,F,FULL,N,NA,11.02,
169,26_2NW_MF,,26_2,2,NW,M,F,FULL,N,NA,7.57,
170,57_2SE_MF,,57_2,2,SE,M,F,10_15,Y,NA,8.54,
171,57_2SE_MF,,57_2,2,SE,M,F,5_10,Y,NA,8.22,
172,47_2NW_MF,,47_2,2,NW,M,F,0_5,Y,NA,5.28,
173,15_3SW_MF,,15_3,3,SW,M,F,5_10,Y,NA,7.99,
174,57_2SW_MF,,57_2,2,SW,M,F,0_5,Y,NA,6.62,
175,56_2SE_MF,,56_2,2,SE,M,F,5_10,Y,NA,7.22,
176,15_3SE_MF,,15_3,3,SE,M,F,5_10,Y,NA,7.51,
177,15_3NE_MF,,15_3,3,NE,M,F,10_15,Y,NA,7.57,
178,37_3C_MF,,37_3,3,C,M,F,10_15,Y,NA,6.94,
179,15_3C_MF,,15_3,3,C,M,F,5_10,Y,NA,6.7,
180,15_3NW_MF,,15_3,3,NW,M,F,5_10,Y,NA,7.19,
181,52_1C_MF,,52_1,1,C,M,F,10_15,Y,NA,9.68,
182,15_3SW_MF,,15_3,3,SW,M,F,10_15,Y,NA,7.09,
183,57_2SW_MF,,57_2,2,SW,M,F,5_10,Y,NA,11.32,
184,37_3NE_MF,,37_3,3,NE,M,F,10_15,Y,NA,11.05,
185,28_1SW_MF,,28_1,1,SW,M,F,FULL,N,NA,10.99,
186,57_2C_MF,,57_2,2,C,M,F,10_15,Y,NA,9.59,
187,64_1NE_MF,,64_1,1,NE,M,F,5_10,Y,NA,9.15,
188,3_2SE_MF,,3_2,2,SE,M,F,,N,NA,11.82,
189,19_2C_MF,,19_2,2,C,M,F,,N,NA,9.84,
190,33_1NW_MF,,33_1,1,NW,M,F,,N,NA,8.21,
191,5_1SW_MF,,5_1,1,SW,M,F,,N,96,7.48,
192,5_1NW_MF,,5_1,1,NW,M,F,,N,66,11.25,
193,18_1NE_MF,,18_1,1,NE,M,F,,N,45,11.68,
194,65_1C_MF,,65_1,1,C,M,F,0_5,Y,140,7.81,
195,10_0SW_MF,,10_0,0,SW,M,F,0_5,Y,37,9.81,
196,2_3NE_MF,,2_3,3,NE,M,F,,N,52,12.28,
197,3_2NE_MF,,3_2,2,NE,M,F,,N,130,10.1,
198,20_1NE_MF,,20_1,1,NE,M,F,,N,41,11.29,
199,33_1C_MF,,33_1,1,C,M,F,,N,54,9.61,
200,20_1NW_MF,,20_1,1,NW,M,F,,N,120,7.92,
201,27_2SE_MF,,27_2,2,SE,M,F,,N,NA,9.79,
202,4_2NW_MF,,4_2,2,NW,M,F,,N,58,7.92,
203,26_2SW_MF,,26_2,2,SW,M,F,,N,119,9.55,
204,18_1NW_MF,,18_1,1,NW,M,F,,N,137,10.1,
205,2_3SE_MF,,2_3,3,SE,M,F,,N,141,11.82,
206,26_2C_MF,,26_2,2,C,M,F,,N,72,9.96,
207,29_1NE_MF,,29_1,1,NE,M,F,,N,51,10.04,
208,27_2SW_MF,,27_2,2,SW,M,F,,N,92,11.2,
209,26_2NE_MF,,26_2,2,NE,M,F,,N,127,9.27,
210,23_3SE_MF,,23_3,3,SE,M,F,,N,126,7.89,
211,65_1C_MF,,65_1,1,C,M,F,10_15,Y,81,6.55,
212,12_1C_MF,,12_1,1,C,M,F,5_10,Y,70,7.74,
213,40_2NW_MF,,40_2,2,NW,M,F,,N,36,6.2,
214,35_3SW_MF,,35_3,3,SW,M,F,,N,200,11.11,
215,8_2SW_MF,,8_2,2,SW,M,F,,N,136,12.68,
216,29_1NW_MF,,29_1,1,NW,M,F,,N,91,7.14,
217,44_0SW_MF,,44_0,0,SW,M,F,,N,138,10.64,
218,50_1SE_MF,,50_1,1,SE,M,F,10_15,Y,154,9.68,NO COARSE
219,18_1C_MF,,18_1,1,C,M,F,,N,78,9.78,
220,11_0SE_MF,,11_0,0,SE,M,F,10_15,Y,26,13.33,
221,65_1SW_MF,,65_1,1,SW,M,F,10_15,Y,12,7.87,
222,52_1C_MF,,52_1,1,C,M,F,0_5,Y,NA,6.69,
223,65_1SE_MF,,65_1,1,SE,M,F,5_10,Y,73,7.42,
224,50_1SE_MF,,50_1,1,SE,M,F,5_10,Y,20,7.3,NO COARSE
225,11_0C_MF,,11_0,0,C,M,F,10_15,Y,57,8.38,
226,33_1SE_MF,,33_1,1,SE,M,F,,N,129,10.02,
227,12_1SE_MF,,12_1,1,SE,M,F,5_10,Y,46,8.46,
228,11_0SE_MF,,11_0,0,SE,M,F,0_5,Y,121,7.42,
229,50_1C_MF,,50_1,1,C,M,F,10_15,Y,96,7.91,
230,36_1SE_MF,,36_1,1,SE,M,F,,N,90,9.3,
231,48_1NW_MF,,48_1,1,NW,M,F,,N,147,10.17,
232,50_1NE_MF,,50_1,1,NE,M,F,5_10,Y,18,5.74,
233,14_3C_MF,,14_3,3,C,M,F,,N,116,10.81,
234,23_3NE_MF,,23_3,3,NE,M,F,,N,44,11.2,
235,50_1C_MF,,50_1,1,C,M,F,5_10,Y,23,11.51,
236,50_1SW_MF,,50_1,1,SW,M,F,10_15,Y,43,6.68,
237,50_1C_MF,,50_1,1,C,M,F,0_5,Y,2,8.15,
238,7_3NE_MF,,7_3,3,NE,M,C,,N,117,6.49,?
239,11_0C_MF,,11_0,0,C,M,F,5_10,Y,155,8.82,NO COARSE
240,52_1NW_MF,,52_1,1,NW,M,F,0_5,Y,133,9.2,
241,27_2NW_MF,,27_2,2,NW,M,F,,N,NA,10.55,
242,3_2SW_MF,,3_2,2,SW,M,F,,N,63,8.86,
243,11_0NW_MF,,11_0,0,NW,M,F,5_10,Y,147,11.36,
244,33_1NE_MF,,33_1,1,NE,M,F,,N,76,11.48,
245,24_3SE_MF,,24_3,3,SE,M,F,,N,120,12.23,
246,55_3SW_MF,,55_3,3,SW,M,F,,N,115,12.69,
247,35_3SE_MF,,35_3,3,SE,M,F,,N,133,8.88,
248,65_1NE_MF,,65_1,1,NE,M,F,0_5,Y,4,9.53,
249,50_1SW_MF,,50_1,1,SW,M,F,5_10,Y,28,9.69,
250,35_3SE_MF,,35_3,3,SE,M,F,,N,133,8.84,
251,8_2SE_MF,,8_2,2,SE,M,F,,N,152,11.98,
252,3_2NW_MF,,3_2,2,NW,M,F,,N,NA,10.65,
253,28_1C_MF,,28_1,1,C,M,F,,N,122,8.27,
254,27_2C_MF,,27_2,2,C,M,F,,N,145,9.65,
255,12_1NW_MF,,12_1,1,NW,M,F,0_5,Y,90,5.52,
256,52_1SE_MF,,52_1,1,SE,M,F,5_10,Y,146,8.63,
257,12_1SW_MF,,12_1,1,SW,M,F,5_10,Y,57,8.32,
258,52_1NW_MF,,52_1,1,NW,M,F,10_15,Y,15,7.46,
259,11_0SW_MF,,11_0,0,SW,M,F,5_10,Y,156,10.63,
260,2_3C_MF,,2_3,3,C,M,F,,N,70,12.96,
261,10_0C_MF,,10_0,0,C,M,F,10_15,Y,66,9.1,
262,65_1SW_MF,,65_1,1,SW,M,F,0_5,Y,30,8.7,
263,25_3NW_MF,,25_3,3,NW,M,F,,N,64,13.74,
264,3_2C_MF,,3_2,2,C,M,F,,N,NA,6.98,
265,54_3C_MF,,54_3,3,C,M,F,,N,112,10.91,
266,12_1SW_MF,,12_1,1,SW,M,F,10_15,Y,144,5.62,NO COARSE
267,64_1NE_MF,,64_1,1,NE,M,F,0_5,Y,33,6.21,
268,50_1NW_MF,,50_1,1,NW,M,F,0_5,Y,124,4.67,
269,12_1SE_MF,,12_1,1,SE,M,F,10_15,Y,106,6.9,
270,64_1C_MF,,64_1,1,C,M,F,0_5,Y,55,7.25,
271,65_1NW_MF,,65_1,1,NW,M,F,0_5,Y,95,6.28,
272,64_1NW_MF,,64_1,1,NW,M,F,10_15,Y,29,11.6,
273,11_0SW_MF,DALTON,11_0,0,SW,M,F,0_5,Y,134,6.38,
274,12_1NE_MF,,12_1,1,NE,M,F,5_10,Y,52,9.22,
275,17_3SE_MF,,17_3,3,SE,M,F,FULL,N,95,12.65,
276,55_3NW_MF,,55_3,3,NW,M,F,FULL,N,131,11.39,
277,64_1SW_MF,,64_1,1,SW,M,F,0_5,Y,17,12.14,
278,14_3NE_MF,,14_3,3,NE,M,F,FULL,N,114,15.92,
279,7_3C_MF,,7_3,3,C,M,F,FULL,N,79,14.44,
280,24_3C_MF,,24_3,3,C,M,F,FULL,N,92,19.68,
281,12_1NW_MF,,12_1,1,NW,M,F,10_15,Y,83,11.82,NO COARSE
282,34_2C_MF,,34_2,2,C,M,F,FULL,N,122,11.55,
283,10_0NW_MF,DALTON,10_0,0,NW,M,F,5_10,Y,97,10.41,
284,50_1NW_MF,,50_1,1,NW,M,F,5_10,Y,40,9.75,
285,52_1SE_MF,,52_1,1,SE,M,F,10_15,Y,128,13.56,
286,41_1SE_MF,,41_1,1,SE,M,F,FULL,N,65,14.97,
287,8_2SW_MF,,8_2,2,SW,M,F,FULL,N,32,17.67,
288,24_3NW_MF,,24_3,3,NW,M,F,FULL,N,50,11.14,
289,64_1SE_MF,,64_1,1,SE,M,F,10_15,Y,41,15.06,
290,25_3NE_MF,,25_3,3,NE,M,F,FULL,N,142,14.6,
291,24_3NE_MF,,24_3,3,NE,M,F,FULL,N,102,15.37,
292,35_3NE_MF,,35_3,3,NE,M,F,FULL,N,137,13.44,
293,14_3SE_MF,,14_3,3,SE,M,F,FULL,N,118,17.3,
294,40_2NE_MF,,40_2,2,NE,M,F,FULL,N,105,11.86,
295,10_0SW_MF,DALTON,10_0,0,SW,M,F,10_15,Y,33,14.97,
296,42_1NE_MF,,42_1,1,NE,M,F,FULL,N,70,11.07,
297,39_2C_MF,,39_2,2,C,M,F,FULL,N,24,11.63,
298,65_1SE_MF,,65_1,1,SE,M,F,10_15,Y,126,13.3,NO COARSE
299,34_2NE_MF,,34_2,2,NE,M,F,FULL,N,85,10.32,
300,8_2NE_MF,,8_2,2,NE,M,F,FULL,N,124,12.49,
301,40_2C_MF,,40_2,2,C,M,F,FULL,N,153,11.44,
302,7_3NW_MF,,7_3,3,NW,M,F,FULL,N,139,11.03,
303,35_3NW_MF,,35_3,3,NW,M,F,FULL,N,41,13.65,
304,24_3SW_MF,,24_3,3,SW,M,F,FULL,N,139,11.81,
305,14_3NW_MF,,14_3,3,NW,M,F,FULL,N,111,11.67,
306,52_1SE_MF,,52_1,1,SE,M,F,0_5,Y,11,10.4,
307,48_1SE_MF,,48_1,1,SE,M,F,FULL,N,43,14.56,
308,39_2SE_MF,,39_2,2,SE,M,F,FULL,N,23,13.77,
309,24_3SW_O,,24_3,3,SW,O,,,N,NA,2.75,
310,22_3C_O,,22_3,3,C,O,,,N,NA,6.91,
311,7_3C_O,,7_3,3,C,O,,,N,88,4.94,
312,25_3C_O,,25_3,3,C,O,,,N,NA,3.59,
313,35_3NW_O,,35_3,3,NW,O,,,N,NA,10.49,
314,65_1SW_O,,65_1,1,SW,O,,,N,13,6.42,
315,24_3C_O,,24_3,3,C,O,,,N,NA,0,
316,35_3SW_O, ,35_3,3,SW,O,,,N,NA,19.12,
317,32_2SW_MC,,32_2,2,SW,M,C,0_5,Y,78,11.44,
318,15_3SE_MC,,15_3,3,SE,M,C,0_5,Y,4,5.46,
319,15_3SW_MC,,15_3,3,SW,M,C,0_5,Y,17,10.13,
320,11_0C_O,,11_0,0,C,O,,,N,42,3.28,
321,37_3SW_MC,,37_3,3,SW,M,C,10_15,Y,1,3.42,
322,58_0NW_MC,,58_0,0,NW,M,C,0_5,Y,164,5.2,
323,24_3NE_O,,24_3,3,NE,O,,,N,NA,5.91,
324,57_2NE_O,,57_2,2,NE,O,,,N,61,12.95,
325,32_2SE_O,,32_2,2,SE,O,,,N,91,2.96,
326,39_2NE_O,,39_2,2,NE,O,,,N,94,2.19,
327,37_3SW_O,,37_3,3,SW,O,,,N,13,9.59,
328,37_3NE_O,,37_3,3,NE,O,,,N,62,7.94,
329,37_3C_O,,37_3,3,C,O,,,N,81,6.56,
330,15_3SW_O,,15_3,3,SW,O,,,N,107,4.75,
331,42_1SE_MC,,42_1,1,SE,M,C,FULL,N,140,16.11,
332,47_2C_MC,,47_2,2,C,M,C,5_10,Y,6,2.7,
333,19_2NE_MC,,19_2,2,NE,M,C,FULL,N,108,18.04,
334,26_2NW_MC,,26_2,2,NW,M,C,FULL,N,124,20.27,
335,37_3NW_MC,,37_3,3,NW,M,C,10_15,Y,54,0.63,
336,32_2SE_MC,,32_2,2,SE,M,C,10_15,Y,68,22.08,
337,32_2NW_MC,,32_2,2,NW,M,C,0_5,Y,57,20.19,
338,22_3NW_MC,,22_3,3,NW,M,C,FULL,N,43,24.11,
339,32_2C_MC,,32_2,2,C,M,C,0_5,Y,88,12.79,
340,15_3NE_MC,,15_3,3,NE,M,C,0_5,Y,27,13.25,
341,15_3NW_MC,,15_3,3,NW,M,C,0_5,Y,29,17.2,
342,64_1NE_MC,,64_1,1,NE,M,C,10_15,Y,143,25.78,
343,57_2SW_O,,57_2,2,SW,O,,,N,60,14.06,
344,56_2NE_MC,,56_2,2,NE,M,C,0_5,Y,28,3.38,
345,56_2NW_MC,,56_2,2,NW,M,C,5_10,Y,24,3.04,
346,32_2NW_MC,,32_2,2,NW,M,C,5_10,Y,61,11.07,
347,11_0SE_MC,,11_0,0,SE,M,C,0_5,Y,121,12.13,
348,15_3C_MC,,15_3,3,C,M,C,0_5,Y,3,1.3,
349,8_2C_MC,,8_2,2,C,M,C,FULL,N,85,15.72,
350,22_3NE_MC,,22_3,3,NE,M,C,FULL,N,81,23.56,
351,35_3C_MC,,35_3,3,C,M,C,FULL,N,37,24.2,
352,22_3SE_MC,,22_3,3,SE,M,C,FULL,N,69,25.62,
353,52_1SE_MC,,52_1,1,SE,M,C,5_10,Y,146,20.18,
354,52_1SE_MC,,52_1,1,SE,M,C,0_5,Y,11,15.42,
355,58_0NE_MC,,58_0,0,NE,M,C,0_5,Y,79,13.3,
356,44_0NE_MC,,44_0,0,NE,M,C,FULL,N,NA,1.06,
357,54_3SE_MC,,54_3,3,SE,M,C,FULL,N,135,24.74,
358,32_2NW_MC,,32_2,2,NW,M,C,10_15,Y,59,22.71,
359,57_2SW_MC,,57_2,2,SW,M,C,10_15,Y,44,3.38,
360,32_2SE_MC,,32_2,2,SE,M,C,0_5,Y,89,11.07,
361,57_2NE_MC,,57_2,2,NE,M,C,5_10,Y,8,10.98,
362,32_2SW_MC,,32_2,2,SW,M,C,5_10,Y,63,24.26,
363,42_1SW_MC,,42_1,1,SW,M,C,FULL,N,7,25.8,
364,40_2NW_MC,,40_2,2,NW,M,C,FULL,N,36,16.68,
365,57_2NE_MC,,57_2,2,NE,M,C,10_15,Y,11,5.73,
366,57_2SE_MC,,57_2,2,SE,M,C,0_5,Y,5,3.5,
367,32_2C_MC,,32_2,2,C,M,C,10_15,Y,87,27.5,
368,32_2NE_MC,,32_2,2,NE,M,C,0_5,Y,86,11.03,
369,32_2C_MC,,32_2,2,C,M,C,5_10,Y,78,20.47,
370,32_2NE_MC,,32_2,2,NE,M,C,5_10,Y,85,22.75,
371,32_2SE_MC,,32_2,2,SE,M,C,5_10,Y,56,23.86,
372,64_1SW_MC,,64_1,1,SW,M,C,10_15,Y,7,22.89,
373,56_2C_O,,56_2,2,C,O,,,N,65,7.75,
374,8_2NE_O,,8_2,2,NE,O,,,N,18,7.77,
375,48_1NW_MC,,48_1,1,NW,M,C,FULL,N,147,19.56,
376,57_2NW_MC,,57_2,2,NW,M,C,0_5,Y,41,2.89,
377,15_3NW_MC,,15_3,3,NW,M,C,5_10,Y,104,3.83,
378,14_3SW_O,,14_3,3,SW,O,,,N,63,8.96,
379,57_2C_MC,,57_2,2,C,M,C,5_10,Y,40,6.12,
380,11_0NW_MC,,11_0,0,NW,M,C,10_15,Y,136,1.46,
381,19_2SW_O,,19_2,2,SW,O,,,N,NA,6.65,
382,52_1SW_MC,,52_1,1,SW,M,C,0_5,Y,1,20.04,
383,11_0NE_O,,11_0,0,NE,O,,,N,130,5.99,
384,24_3SE_O,,24_3,3,SE,O,,,N,NA,12.43,
385,55_3SW_O,,55_3,3,SW,O,,,N,54,11.86,
386,65_1SW_MC,,65_1,1,SW,M,C,5_10,Y,53,13.77,
387,56_2C_MC,,56_2,2,C,M,C,0_5,Y,10,1.95,
388,25_3SW_MC,,25_3,3,SW,M,C,,Y,158,15.86,
389,37_3SE_O,,37_3,3,SE,O,,,N,20,6.43,
390,20_1SE_MC,,20_1,1,SE,M,C,,Y,37,15.84,
391,4_2SW_MC,,4_2,2,SW,M,C,,Y,84,20.18,
392,52_1SE_MC,,52_1,1,SE,M,C,10_15,Y,128,21,
393,5_1NE_MC,,5_1,1,NE,M,C,,Y,74,20.57,
394,52_1C_MC,,52_1,1,C,M,C,10_15,Y,158,24.14,
395,15_3SW_MC,,15_3,3,SW,M,C,10_15,Y,55,20.04,
396,28_1NW_MC,,28_1,1,NW,M,C,,Y,139,22.44,
397,4_2NE_MC,,4_2,2,NE,M,C,,Y,150,16.65,
398,15_3NE_MC,,15_3,3,NE,M,C,10_15,Y,42,7.68,
399,15_3SE_MC,,15_3,3,SE,M,C,5_10,Y,112,7.04,
400,19_2SE_MC,,19_2,2,SE,M,C,,Y,NA,21.49,
401,37_3C_MC,,37_3,3,C,M,C,0_5,Y,75,4.37,
402,50_1SW_MC,,50_1,1,SW,M,C,0_5,Y,60,4.63,
403,15_3SW_MC,,15_3,3,SW,M,C,5_10,Y,49,14.51,
404,22_3SW_MC,,22_3,3,SW,M,C,,Y,94,21.4,
405,64_1NW_MC,,64_1,1,NW,M,C,0_5,Y,34,6.8,
406,64_1SE_MC,,64_1,1,SE,M,C,0_5,Y,102,6.32,
407,2_3C_MC,,2_3,3,C,M,C,,Y,70,22.93,
408,55_3C_MC,,55_3,3,C,M,C,,Y,110,18.59,
409,64_1NW_MC,,64_1,1,NW,M,C,5_10,Y,39,12.68,
410,11_0SW_MC,,11_0,0,SW,M,C,0_5,Y,134,2.61,
411,65_1C_MC,,65_1,1,C,M,C,5_10,Y,25,11.61,
412,54_3SW_MC,,54_3,3,SW,M,C,,Y,113,19.32,
413,52_1NE_MC,,52_1,1,NE,M,C,10_15,Y,122,20.65,
414,52_1SW_MC,,52_1,1,SW,M,C,10_15,Y,153,23.18,
415,65_1NE_MC,,65_1,1,NE,M,C,5_10,Y,142,15.11,
416,37_3NE_MC,,37_3,3,NE,M,C,10_15,Y,113,1.05,
417,55_3C_MC,,55_3,3,C,M,C,5_10,Y,137,21.9,
418,47_2SE_MC,,47_2,2,SE,M,C,5_10,Y,12,0.6,
419,39_2C_MC,,39_2,2,C,M,C,0_5,Y,83,0.79,
420,37_3C_MC,,37_3,3,C,M,C,5_10,Y,76,2.81,
421,65_1SE_MC,,65_1,1,SE,M,C,0_5,Y,127,7.12,
422,22_3C_MC,,22_3,3,C,M,C,,Y,53,20.4,
423,65_1NW_MC,,65_1,1,NW,M,C,5_10,Y,49,9.03,
424,57_2SW_MC,,57_2,2,SW,M,C,5_10,Y,50,2.14,
425,16_2NW_MC,,16_2,2,NW,M,C,,Y,130,22.54,
426,52_1NW_MC,,52_1,1,NW,M,C,5_10,Y,152,21.65,
427,20_1SW_MC,,20_1,1,SW,M,C,,Y,130,19.23,
428,28_1SE_MC,,28_1,1,SE,M,C,,Y,104,19.03,
429,3_2C_MC,,3_2,2,C,M,C,,Y,NA,18.16,
430,57_2SW_MC,,57_2,2,SW,M,C,0_5,Y,52,0.53,
431,58_0C_MC,,58_0,0,C,M,C,0_5,Y,58,1.58,
432,58_0C_MC,,58_0,0,C,M,C,5_10,Y,106,0.52,
433,57_2NE_MC,,57_2,2,NE,M,C,0_5,Y,9,3.91,
434,50_1NW_MC,,50_1,1,NW,M,C,10_15,Y,148,0.78,
435,57_2SE_MC,,57_2,2,SE,M,C,5_10,Y,45,0.26,
436,12_1NE_MC,,12_1,1,NE,M,C,0_5,Y,85,0.09,
437,37_3NE_MC,,37_3,3,NE,M,C,0_5,Y,74,0.51,
438,37_3SE_MC,,37_3,3,SE,M,C,0_5,Y,2,0.09,
439,37_3NW_MC,,37_3,3,NW,M,C,0_5,Y,14,0.99,
440,15_3C_MC,,15_3,3,C,M,C,5_10,Y,38,10.55,
441,11_0C_MC,,11_0,0,C,M,C,10_15,Y,57,2.16,
442,57_2NW_MC,,57_2,2,NW,M,C,5_10,Y,48,2.31,
443,64_1NW_MC,,64_1,1,NW,M,C,10_15,Y,29,13.07,
444,65_1SE_MC,,65_1,1,SE,M,C,5_10,Y,73,8.76,
445,65_1NW_MC,,65_1,1,NW,M,C,10_15,Y,48,6.97,
446,64_1NE_MC,,64_1,1,NE,M,C,5_10,Y,56,20.12,
447,11_0NE_MC,,11_0,0,NE,M,C,10_15,Y,150,1.51,
448,37_3SW_MC,,37_3,3,SW,M,C,0_5,Y,51,1.19,
449,50_1SE_O,,50_1,1,SE,O,,,N,104,5.26,
450,47_2NW_O,,47_2,2,NW,O,,,N,98,12.02,
451,2_3C_O,,2_3,3,C,O,,,N,NA,9.06,
452,47_2SW_MC?,,47_2,2,SW,M,C,0_5,Y,70,8.52,(MAYBE ORGANIC)
453,56_2SE_O,,56_2,2,SE,O,,,N,116,9.5,
454,56_2SW_O,,56_2,2,SW,O,,,N,110,7.13,
455,15_3SE_O,,15_3,3,SE,O,,,N,111,5.59,
456,47_2SW_O,,47_2,2,SW,O,,,N,114,10.66,
457,56_2C_O,,56_2,2,C,O,,,N,108,21.68,REDO
458,55_3NE_O,,55_3,3,NE,O,,,N,72,5.94,
459,16_2NE_O,,16_2,2,NE,O,,,N,88,24.72,
460,35_3SE_O,,35_3,3,SE,O,,,N,NA,12.19,
461,57_2SE_O,,57_2,2,SE,O,,,N,115,11.24,
462,40_2NW_O,,40_2,2,NW,O,,,N,69,10.17,
463,14_3NW_O,,14_3,3,NW,O,,,N,94,13.03,
464,18_1NE_O,,18_1,1,NE,O,,,N,NA,4.87,
465,34_2C_O,,34_2,2,C,O,,,N,NA,6.49,
466,22_3NW_O,,22_3,3,NW,O,,,N,NA,6.09,
467,44_0C_O,,44_0,0,C,O,,,N,133,4.99,
468,23_3NE_O,,23_3,3,NE,O,,,N,NA,10.95,
469,23_3NW_O,,23_3,3,NW,O,,,N,NA,6.1,
470,26_2C_O,,26_2,2,C,O,,,N,NA,4.21,
471,7_3NW_O,,7_3,3,NW,O,,,N,119,6.35,
472,22_3SW_O,,22_3,3,SW,O,,,N,NA,12.05,
473,41_1NW_O,,41_1,1,NW,O,,,N,60,6.6,
474,25_3SE_O,,25_3,3,SE,O,,,N,NA,10.62,
475,16_2SW_O,,16_2,2,SW,O,,,N,103,12.54,
476,47_2SE_O,,47_2,2,SE,O,,,N,96,6.66,
477,47_2C_O,,47_2,2,C,O,,,N,105,10.18,
478,2_3SW_O,,2_3,3,SW,O,,,N,NA,12.99,
479,42_1NW_O,,42_1,1,NW,O,,,N,155,5.61,
480,22_3NE_O,,22_3,3,NE,O,,,N,NA,6.96,
481,33_1C_O,,33_1,1,C,O,,,N,NA,11.69,
482,34_2NE_O,,34_2,2,NE,O,,,N,NA,8.91,
483,58_0SE_O,,58_0,0,SE,O,,,N,156,8.31,
484,3_2C_O,,3_2,2,C,O,,,N,NA,3.94,
485,29_1NE_O,,29_1,1,NE,O,,,N,NA,7.46,
486,8_2NW_O,,8_2,2,NW,O,,,N,30,6.03,
487,22_3SW_O,,22_3,3,SW,O,,,N,NA,4.22,
488,7_3NE_O,,7_3,3,NE,O,,,N,76,12.75,
489,42_1C_O,,42_1,1,C,O,,,N,64,4.69,
490,11_0SE_O,,11_0,0,SE,O,,,N,58,3.2,
491,54_3C_O,,54_3,3,C,O,,,N,47,8.09,
492,28_1SW_O,,28_1,1,SW,O,,,N,125,7.26,
493,48_1NE_O,,48_1,1,NE,O,,,N,NA,7,
494,14_3NE_O,,14_3,3,NE,O,,,N,32,10.86,
495,55_3NW_O,,55_3,3,NW,O,,,N,92,3.42,
496,19_2C_O,,19_2,2,C,O,,,N,NA,6.18,
497,44_0SW_O,,44_0,0,SW,O,,,N,39,5.22,
498,5_1SW_O,,5_1,1,SW,O,,,N,NA,5.33,
499,54_3NE_O,,54_3,3,NE,O,,,N,22,8.34,
500,19_2NE_O,,19_2,2,NE,O,,,N,NA,5.95,
501,52_1C_O,,52_1,1,C,O,,,N,31,9.79,
502,3_2NW_O,,3_2,2,NW,O,,,N,NA,8.62,
503,29_1SE_O,,29_1,1,SE,O,,,N,NA,7.74,
504,3_2SE_MC,,3_2,2,SE,M,C,,Y,94,18.44,
505,52_1NW_O,,52_1,1,NW,O,,,N,8,4.32,
506,52_1SE_O,,52_1,1,SE,O,,,N,64,7.16,
507,19_2SW_MC,,19_2,2,SW,M,C,,Y,32,20.04,
508,10_0NE_O,,10_0,0,NE,O,,,N,108,5.97,
509,4_2NE_O,,4_2,2,NE,O,,,N,NA,3.43,
510,4_2SW_O,,4_2,2,SW,O,,,N,53,4.96,
511,36_1SE_O,,36_1,1,SE,O,,,N,NA,3.67,
512,19_2NW_O,,19_2,2,NW,O,,,N,NA,5.09,
513,10_0SW_O,,10_0,0,SW,O,,,N,55,5.67,
514,3_2SW_O,,3_2,2,SW,O,,,N,NA,6.46,
515,48_1SE_O,,48_1,1,SE,O,,,N,135,9.62,
516,20_1SE_O,,20_1,1,SE,O,,,N,49,10.55,
517,58_0SE_MC,,58_0,0,SE,M,C,10_15,Y,63,12.53,
518,34_2SW_O,,34_2,2,SW,O,,,N,NA,7.01,
519,18_1NE_MC,,18_1,1,NE,M,C,,N,45,19.91,
520,33_1C_MC,,33_1,1,C,M,C,,Y,34,20.04,
521,20_1NW_MC,,20_1,1,NW,M,C,,Y,120,19.14,
522,17_3SE_O,,17_3,3,SE,O,,,N,NA,5.73,
523,10_0NW_MC,,10_0,0,NW,M,C,10_15,Y,145,0.59,
524,32_2SW_MC,,32_2,2,SW,M,C,10_15,Y,77,21.52,
525,40_2NE_O,,40_2,2,NE,O,,,N,151,10.98,
526,65_1C_MC,,65_1,1,C,M,C,0_5,Y,140,11.83,
527,19_2NW_MC,,19_2,2,NW,M,C,,Y,64,19.73,
528,27_2NW_MC,,27_2,2,NW,M,C,,Y,NA,16.82,
529,34_2SW_MC,,34_2,2,SW,M,C,,Y,60,20.85,
530,64_1SE_MC,,64_1,1,SE,M,C,5_10,Y,99,17.34,
531,29_1SW_MC,,29_1,1,SW,M,C,,Y,42,20.1,
532,19_2C_MC,,19_2,2,C,M,C,,Y,106,17.63,
533,18_1NE_MC,,18_1,1,NE,M,C,,Y,45,20.31,
534,65_1SW_MC,,65_1,1,SW,M,C,0_5,Y,30,7.78,
535,12_1C_MC,,12_1,1,C,M,C,0_5,Y,78,2.38,
536,10_0SW_MC,,10_0,0,SW,M,C,10_15,Y,33,20.27,
537,2_3SE_MC,,2_3,3,SE,M,C,,Y,141,20.4,
538,27_2NE_O,,27_2,2,NE,O,,,N,NA,9.24,
539,55_3SE_O,,55_3,3,SE,O,,,N,45,8.51,
540,19_2SE_O,,19_2,2,SE,O,,,N,NA,9.52,
541,26_2NE_O,,26_2,2,NE,O,,,N,NA,4.16,
542,40_2SE_O,,40_2,2,SE,O,,,N,125,8.52,
543,35_3C_O,,35_3,3,C,O,,,N,NA,7.96,
544,33_1SE_MC,,33_1,1,SE,M,C,,Y,129,23.32,
545,19_2NW_MC,,19_2,2,NW,M,C,,Y,64,24.27,
546,27_2NE_MC,,27_2,2,NE,M,C,,Y,123,22.69,
547,40_2SW_O,,40_2,2,SW,O,,,N,96,9.89,
548,17_3C_O,,17_3,3,C,O,,,N,NA,7.18,
549,23_3C_O,,23_3,3,C,O,,,N,NA,13.02,
550,???,,,NA,,,,,Y,NA,20.79,
551,52_1NE_MC,,52_1,1,NE,M,C,5_10,Y,120,20.83,
552,14_3C_MC,,14_3,3,C,M,C,,N,116,15.26,
553,40_2NE_MC,,40_2,2,NE,M,C,,Y,105,18.29,
554,8_2SW_MC,,8_2,2,SW,M,C,,Y,32,13.35,
555,14_3NW_MC,,14_3,3,NW,M,C,,N,111,1.35,
556,23_3SE_MC,,23_3,3,SE,M,C,,Y,126,16.41,
557,22_3NW_MC,,22_3,3,NE,M,C,,Y,43,21.59,
558,20_1C_MC,,20_1,1,C,M,C,,Y,95,22.55,
559,42_1NE_MC,,42_1,1,NE,M,C,,Y,70,22.79,
560,20_1NW_O,,20_1,1,NW,O,,,N,NA,8.07,
561,11_0SW_O,,11_0,0,SW,O,,,N,14,7.35,
562,24_3NW_O,,24_3,3,NW,O,,,N,NA,14.13,
563,58_0C_O,,58_0,0,C,O,,,N,57,7.31,
564,57_2C_O,,57_2,2,C,O,,,N,101,12.64,
565,4_2NW_O,,4_2,2,NW,O,,,N,NA,2.8,
566,33_1NE_O,,33_1,1,NE,O,,,N,NA,4.83,
567,44_0NW_O,,44_0,0,NW,O,,,N,62,5.9,
568,3_2NE_O,,3_2,2,NE,O,,,N,56,4.57,
569,36_1SW_O,,36_1,1,SW,O,,,N,NA,6.27,
570,50_1NW_MC,,50_1,1,NW,M,C,0_5,Y,124,2.38,
571,11_0NW_O,,11_0,0,NW,O,,,N,21,4.89,
572,27_2NW_O,,27_2,2,NW,O,,,N,NA,6.74,
573,65_1SE_O,,65_1,1,SE,O,,,N,65,3.58,
574,33_1NW_MC,,33_1,1,NW,M,C,,Y,97,22.61,
575,5_1SW_MC,,5_1,1,SW,M,C,,Y,96,20.13,
576,24_3NE_MC,,24_3,3,NE,M,C,,Y,102,21.44,
577,41_1SE_MC,,41_1,1,SE,M,C,,Y,65,24.78,
578,40_2C_MC,,40_2,2,C,M,C,,Y,153,20.74,
579,3_2NW_MC,,3_2,2,NW,M,C,,Y,NA,20.94,
580,10_0SE_O,,10_0,0,SE,O,,,N,35,3.42,
581,27_2SW_MC,,27_2,2,SW,M,C,,Y,92,20.82,
582,35_3SE_MC,,35_3,3,SE,M,C,,Y,133,23.9,
583,24_3C_MC,,24_3,3,C,M,C,,Y,92,25.73,
584,55_3NW_MC,,55_3,3,NW,M,C,,Y,131,21.84,
585,54_3C_MC,,54_3,3,C,M,C,,Y,112,23.42,
586,8_2NE_MC,,8_2,2,NE,M,C,,Y,124,15.87,
587,4_2NW_MC,,4_2,2,NW,M,C,,Y,58,24.1,
588,26_2C_MC,,26_2,2,C,M,C,,Y,72,20.08,
589,64_1C_MC,,64_1,1,C,M,C,0_5,Y,55,16.69,
590,7_3C_MC,,7_3,3,C,M,C,,Y,79,4.54,
591,8_2SW_MC,,8_2,2,SW,M,C,,Y,136,22.96,
592,10_0SW_MC,,10_0,0,SW,M,C,0_5,Y,57,18.72,
593,4_2SE_MC,,4_2,2,SE,M,C,,Y,149,19.48,
594,52_1C_MC,,52_1,1,C,M,C,0_5,Y,NA,20.45,
595,3_2NE_MC,,3_2,2,NE,M,C,,Y,130,21.25,
596,14_3SE_MC,,14_3,3,SE,M,C,,Y,118,14.46,
597,24_3NW_MC,,24_3,3,NW,M,C,,Y,50,19.53,
598,48_1NW_MC,,48_1,1,NW,M,C,,Y,147,21.03,
599,28_1C_MC,,28_1,1,C,M,C,,Y,122,21.39,
600,2_3NE_MC,,2_3,3,NE,M,C,,Y,52,21.12,
601,25_3NE_MC,,25_3,3,NE,M,C,,Y,142,24.97,
602,36_1NW_MC,,36_1,1,NW,M,C,,Y,121,22.64,
603,3_2SW_MC,,3_2,2,SW,M,C,,Y,63,22.95,
604,7_3NW_MC,,7_3,3,NW,M,C,,Y,139,4.16,
605,8_2SE_MC,,8_2,2,SE,M,C,,Y,152,9.01,
606,14_3NE_MC,,14_3,3,NE,M,C,,Y,114,16.58,
607,64_1SE_MC,,64_1,1,SE,M,C,10_15,Y,41,12.51,
608,52_1SE_MC,,52_1,1,SE,M,C,10_15,Y,128,20.74,
609,44_0SE_MC,,44_0,0,SE,M,C,,Y,101,17.18,
610,35_3NW_MC,,35_3,3,NW,M,C,,Y,41,22.72,
611,65_1NE_MC,,65_1,1,NE,M,C,10_15,Y,86,15.52,
612,10_0C_MC,,10_0,0,C,M,C,10_15,Y,66,10.15,
613,14_3SE_O,,14_3,3,SE,O,,,N,69,9.36,
614,52_1NW_MC,,52_1,1,NW,M,C,10_15,Y,15,19.82,
615,24_3SW_MC,,24_3,3,SW,M,C,,Y,139,27.08,
616,34_2C_MC,,34_2,2,C,M,C,,Y,122,7.12,
617,55_3SW_MC,,55_3,3,SW,M,C,,Y,115,16.53,
618,25_3NW_MC,,25_3,3,NW,M,C,,Y,64,19.97,
619,48_1SE_MC,,48_1,1,SE,M,C,,Y,43,8.47,
620,65_1C_MC,,65_1,1,C,M,C,10_15,Y,81,8.02,
621,24_3SE_MC,,24_3,3,SE,M,C,,Y,120,22.83,
622,35_3NE_MC,,35_3,3,NE,M,C,,Y,137,25.8,
623,29_1NE_MC,,29_1,1,NE,M,C,,Y,51,21.84,
624,26_2NE_MC,,26_2,2,NE,M,C,,Y,127,18.08,
625,18_1C_MC,,18_1,1,C,M,C,,Y,78,19.94,
626,11_0SE_MC,,11_0,0,SE,M,C,10_15,Y,26,9.76,
627,12_1C_MC,,12_1,1,C,M,C,5_10,Y,70,2.22,
628,65_1NE_MC,,65_1,1,NE,M,C,0_5,Y,4,19.88,
629,52_1NW_MC,,52_1,1,NW,M,C,0_5,Y,133,20.69,
630,18_1NW_MC,,18_1,1,NW,M,C,,Y,157,17.58,
631,64_1SW_MC,,64_1,1,SW,M,C,0_5,Y,17,17.31,
632,2_3NW_O,,2_3,3,NW,O,,,N,NA,10.21,
633,5_1C_O,,5_1,1,C,O,,,N,NA,3.34,
634,26_2SW_MC,,26_2,2,SW,M,C,,Y,119,19.44,
635,17_3SW_MC,,17_3,3,SW,M,C,,Y,125,20.68,
636,54_3NW_MC,,54_3,3,NW,M,C,,Y,19,21.28,
637,64_1SW_MC,,64_1,1,SW,M,C,5_10,Y,35,11.51,
638,12_1SW_O,,12_1,1,SW,O,,,N,NA,6.6,
639,29_1NW_O,,29_1,1,NW,O,,,N,NA,6.31,
640,5_1SE_MC,,5_1,1,SE,M,C,,Y,NA,19.7,
641,8_2NE_O,,8_2,2,NE,O,,,N,18,6.54,
642,48_1SW_O,,48_1,1,SW,O,,,N,98,11.53,
643,50_1C_O,,50_1,1,C,O,,,N,6,14.4,
644,44_0SE_O,,44_0,0,SE,O,,,N,28,7.84,
645,16_2NW_O,,16_2,2,NW,O,,,N,61,13.19,
646,28_1SE_O,,28_1,1,SE,O,,,N,NA,10.32,
647,27_2C_MC,,27_2,2,C,M,C,,Y,145,22.65,
648,56_2C_O,,56_2,2,C,O,,,N,65,8.11,
649,12_1C_O,,12_1,1,C,O,,,N,91,5.84,
650,56_2NE_O,,56_2,2,NE,O,,,N,92,8.01,
651,27_2SE_MC,,27_2,2,SE,M,C,,Y,NA,20.35,
652,12_1NW_MC,,12_1,1,NW,M,C,5_10,Y,82,2.15,
653,12_1SW_MC,,12_1,1,SW,M,C,5_10,Y,46,2.24,
654,39_2NE_O,,39_2,2,NE,O,,,N,107,6.43,
655,24_3SE_O,,24_3,3,SE,O,,,N,NA,11.44,
656,50_1SW_MC,,50_1,1,SW,M,C,10_15,Y,43,1.99,
657,3_2SE_O,,3_2,2,SE,O,,,N,NA,6.36,
658,20_1C_O,,20_1,1,C,O,,,N,NA,9.83,
659,22_3SE_O,,22_3,3,SE,O,,,N,NA,10.37,
660,20_1SW_O,,20_1,1,SW,O,,,N,142,10.26,
661,17_3SE_MC,,17_3,3,SE,M,C,,Y,95,23.4,
662,17_3NE_MC,,17_3,3,NE,M,C,,Y,123,21.54,
663,58_0NE_O,,58_0,0,NE,O,,,N,162,7.95,
664,48_1SW_MC,,48_1,1,SW,M,C,,Y,163,19.54,
665,16_2NE_MF,,16_2,2,NE,M,F,,Y,82,25.99,
666,8_2NW_MF,,8_2,2,NW,M,F,,Y,1,9.71,
667,8_2NW_MC,,8_2,2,NW,M,C,,Y,1,10.8,
668,18_1SE_O,,18_1,1,SE,O,,,N,NA,10.64,
669,2_3NW_MF,,2_3,3,NW,M,F,,Y,46,26.38,
670,25_3SE_MF,,25_3,3,SE,M,F,,Y,56,26.52,
671,23_3SW_MF,,23_3,3,SW,M,F,,Y,143,26.3,
672,23_3SW_MC,,23_3,3,SW,M,C,,Y,NA,18.55,
673,25_3SE_MC,,25_3,3,SE,M,C,,Y,56,20.63,
674,36_1C_O,,36_1,1,C,O,,,N,NA,8.71,
675,33_1NW_O,,33_1,1,NW,O,,,N,NA,7.2,
676,16_2NE_MC,,16_2,2,NE,M,C,,Y,82,17.19,
677,23_3C_MF,,23_3,3,C,M,F,,Y,48,23.6,
678,23_3C_MC,,23_3,3,C,M,C,,Y,NA,20.93,
679,18_1SE_MC,,18_1,1,SE,M,C,,Y,77,17.56,
680,48_1SW_MF,,48_1,1,SW,M,F,,Y,163,20.45,
681,40_2SE_MC,,40_2,2,SE,M,C,,Y,129,21.2,
682,40_2SE_MF,,40_2,2,SE,M,F,,Y,129,21.29,
683,39_2NW_O,,39_2,2,NW,O,,,N,40,8.43,
684,39_2SE_O,,39_2,2,SE,O,,,N,166,10.93,
685,18_1NW_O,,18_1,1,NW,O,,,N,NA,9.47,
686,41_1SW_MC,,41_1,1,SW,M,C,,Y,NA,19.29,
687,2_3NE_O,,2_3,3,NE,O,,,N,NA,12.67,
688,36_1NW_O,,36_1,1,NW,O,,,N,NA,4.78,
689,12_1NW_O,,12_1,1,NW,O,,,N,98,9.53,
690,20_1NE_MC,,20_1,1,NE,M,C,,Y,41,21.46,
691,65_1NW_MC,,65_1,1,NW,M,C,0_5,Y,95,10.27,DOUBLE CHECK C
692,35_3SW_MC,,35_3,3,SW,M,C,,Y,200,22.46,
693,29_1SE_MC,,29_1,1,SE,M,C,,Y,99,25.04,
694,17_3NW_MC,,17_3,3,NW,M,C,,Y,49,18.53,
695,25_3C_MC,,25_3,3,C,M,C,,Y,53,19.41,
696,18_1SE_MF,,18_1,1,SE,M,F,,Y,77,0.24,
697,23_3SE_O,,23_3,3,SE,O,,,N,NA,12.64,
698,52_1SW_MC,,52_1,1,SW,M,C,5_10,Y,138,12.75,
699,15_3NE_MC,,15_3,3,NE,M,C,5_10,Y,36,23.82,
700,52_1NE_MC,,52_1,1,NE,M,C,0_5,Y,74,24.53,
701,29_1SW_MF,,29_1,1,SW,M,F,,Y,42,22.7,
702,42_1NW_MC,,42_1,1,NW,M,C,,Y,146,19.56,
703,39_2NE_MF,,39_2,2,NE,M,F,,Y,3,25.09,
704,36_1SW_MF,,36_1,1,SW,M,F,,Y,88,22.33,
705,39_2NE_MC,,39_2,2,NE,M,C,,Y,3,17.79,
706,44_0C_MC,,44_0,0,C,M,C,,Y,14,17.09,
707,44_0C_MF,,44_0,0,C,M,F,,Y,14,21.96,
708,36_1SW_MC,,36_1,1,SW,M,C,,Y,88,22.15,
709,42_1NW_MF,,42_1,1,NW,M,F,,Y,146,21.42,
710,26_2SE_MC,,26_2,2,SE,M,C,,Y,140,19.39,
711,4_2SE_O,,4_2,2,SE,O,,,N,55,9.96,
712,41_1SW_MF,,41_1,1,SW,M,F,,Y,NA,20.36,
713,33_1SW_MC,,33_1,1,SW,M,C,,Y,47,23.33,
714,12_1NW_MC,,12_1,1,NW,M,C,0_5,Y,90,2.41,
715,4_2C_O,,4_2,2,C,O,,,N,NA,8.03,
716,26_2SE_MF,,26_2,2,SE,M,F,,Y,140,24.45,
717,34_2NW_MF,,34_2,2,NW,M,F,,Y,67,20.21,
718,7_3NE_MC,,7_3,3,NE,M,C,,Y,117,24.44,
719,40_2C_O,,40_2,2,C,O,,,N,52,4.6,
720,48_1NW_O,,48_1,1,NW,O,,,N,120,8.55,
721,33_1NE_MC,,33_1,1,NE,M,C,,Y,76,40.64,
722,15_3C_MC,,15_3,3,C,M,C,10_15,Y,7,14.05,
723,50_1C_MC,,50_1,1,C,M,C,0_5,Y,2,2.75,
724,28_1SW_MC,,28_1,1,SW,M,C,,Y,148,19.66,
725,16_2SW_MC,,16_2,2,SW,M,C,,Y,47,17.03,
726,5_1NW_MC,,5_1,1,NW,M,C,,Y,66,21.56,
727,17_3C_MC,,17_3,3,C,M,C,,Y,108,18.36,
728,34_2NW_MC,,34_2,2,NW,M,C,,Y,107,21.8,
729,29_1NW_MC,,29_1,1,NW,M,C,,Y,91,21.82,
730,55_3SE_MC,,55_3,3,SE,M,C,,Y,97,18.28,
731,64_1C_MC,,64_1,1,C,M,C,5_10,Y,71,10.3,
732,36_1SE_MC,,36_1,1,SE,M,C,,Y,90,25.34,
733,64_1C_O,,64_1,1,C,O,,,N,108,8.09,
734,32_2NE_MC,,32_2,2,NE,M,C,,N,85,24.48,
735,10_0C_MC,,10_0,0,C,M,C,5_10,Y,84,3.96,
736,11_0SE_MC,,11_0,0,SE,M,C,0_5,Y,149,1.24,
737,10_0NW_MC,,10_0,0,NW,M,C,5_10,Y,97,3.92,
738,57_2C_MC,,57_2,2,C,M,C,0_5,Y,19,1.74,
739,58_0NW_O,,58_0,0,NW,O,,,Y,81,4.19,
740,41_1C_MC,,41_1,1,C,M,C,,Y,93,19.12,
741,12_1SE_O,,12_1,1,SE,O,,,N,38,7.26,
742,29_1SW_O,,29_1,1,SW,O,,,N,NA,4.75,
743,42_1SW_O,,42_1,1,SW,O,,,N,16,6.7,
744,16_2SE_MC,,16_2,2,SE,M,C,,Y,132,15.51,
745,28_1NE_O,,28_1,1,NE,O,,,N,137,6.94,
746,2_3SE_O,,2_3,3,SE,O,,,N,NA,11.7,
747,54_3NE_MC,,54_3,3,NE,M,C,,Y,51,21.89,
748,54_3NE_MF,,54_3,3,NE,M,F,,Y,51,23.13,
749,7_3SW_MC,,7_3,3,SW,M,C,,Y,68,15.48,
750,7_3SW_MF,,7_3,3,SW,M,F,,Y,68,14.17,
751,5_1NW_O,,5_1,1,NW,O,,,N,NA,7.74,
752,34_2NW_O,,34_2,2,NW,O,,,N,NA,12.1,
753,34_2SE_MC,,34_2,2,SE,M,C,,Y,56,20.76,
754,14_3C_O,,14_3,3,C,O,,,N,36,4.08,
755,14_3SW_O,,14_3,3,SW,O,,,N,62,8.78,
756,12_1SE_MC,,12_1,1,SE,M,C,10_15,Y,106,1.62,
757,10_0NW_MC,,10_0,0,NW,M,C,0_5,Y,141,1.35,
758,20_1NE_O,,20_1,1,NE,O,,,N,NA,7.04,
759,12_1SW_MC,,12_1,1,SW,M,C,5_10,Y,57,4.41,
760,12_1C_MC,,12_1,1,C,M,C,10_15,Y,44,0.4,
761,5_1NE_O,,5_1,1,NE,O,,,N,60,7.9,
762,11_0NE_O,,11_0,0,NE,O,,,N,130,4.36,
763,11_0C_MC,,11_0,0,C,M,C,0_5,Y,129,12.4,
764,10_0NE_MC,,10_0,0,NE,M,C,0_5,Y,104,1.9,
765,48_1C_MC,,48_1,1,C,M,C,,Y,17,12.26,
766,48_1C_MF,,48_1,1,C,M,F,,Y,17,18.28,
767,41_1NE_MF,,41_1,1,NE,M,F,,Y,13,17.35,
768,10_0C_MC,,10_0,0,C,M,C,0_5,Y,80,13.98,
769,10_0C_MF,,10_0,0,C,M,F,0_5,Y,80,19.12,
770,10_0NE_MC,,10_0,0,NE,M,C,10_15,Y,161,12.2,
771,10_0NE_MF,,10_0,0,NE,M,F,10_15,Y,161,14.83,
772,15_3NW_O,,15_3,3,NW,O,,,N,80,6.13,
773,56_2NW_O,,56_2,2,NW,O,,,N,66,8.97,
774,65_1NE_O,,65_1,1,NE,O,,,N,27,6.72,
775,39_2SW_O,,39_2,2,SW,O,,,N,95,4.89,
776,8_2SE_O,,8_2,2,SE,O,,,N,144,6.46,
777,39_2SW_O,,39_2,2,SW,O,,,N,71,5.21,
778,33_1SW_O,,33_1,1,SW,O,,,N,NA,5.1,
779,39_2SE_O,,39_2,2,SE,O,,,N,106,2.95,
780,32_2NE_O,,32_2,2,NE,O,,,N,64,4.04,
781,65_1SW_MC,,65_1,1,SW,M,C,10_15,Y,12,6.18,
782,50_1NE_O,,50_1,1,NE,O,,,N,105,5.21,
783,47_2NE_O,,47_2,2,NE,O,,,N,102,5.68,
784,65_1C_O,,65_1,1,C,O,,,N,80,3.54,
785,64_1SE_O,,64_1,1,SE,O,,,N,62,8.31,
786,32_2NW_O,,32_2,2,NW,O,,,N,71,9.02,
787,64_1NE_MC,,64_1,1,NE,M,C,0_5,Y,33,9.25,
788,10_0C_O,,10_0,0,C,O,,,N,59,3.94,
789,8_2SW_O,,8_2,2,SW,O,,,N,75,5.03,
790,42_1C_MF,,42_1,1,C,M,F,,Y,78,17.63,
791,16_2C_MF,,16_2,2,C,M,F,,Y,NA,18.81,
792,2_3SW_MF,,2_3,3,SW,M,F,,Y,100,20.71,
793,55_3NE_MF,,55_3,3,NE,M,F,,Y,NA,19.26,
794,2_3NW_MC,,2_3,3,NW,M,C,,Y,46,20.27,
795,58_0SE_MC,,58_0,0,SE,M,C,5_10,Y,77,14.01,
796,58_0SE_MF,,58_0,0,SE,M,F,5_10,Y,77,18.14,
797,42_1C_MC,,42_1,1,C,M,C,,Y,NA,17.39,
798,16_2C_MC,,16_2,2,C,M,C,,Y,NA,18.66,
799,2_3SW_MC,,2_3,3,SW,M,C,,Y,100,19.54,
800,55_3NE_MC,,55_3,3,NE,M,C,,Y,NA,17.59,
801,36_1C_MC,,36_1,1,C,M,C,,Y,155,18.93,
802,16_2SE_O,,16_2,2,SE,O,,,N,154,5.51,
803,11_0NW_M,,11_0,0,NW,M,C,0_5,Y,145,3.66,
804,44_0SW_MC,,44_0,0,SW,M,C,,Y,138,4.35,
805,23_3NW_MC,,23_3,3,NW,M,C,,Y,59,20.43,
806,52_1NE_O,,52_1,1,NE,O,,,N,10,8.94,
807,15_3C_O,,15_3,3,C,O,,,N,15,8.75,
808,48_1C_O,,48_1,1,C,O,,,N,121,7.4,
809,39_2NW_O,,39_2,2,NW,O,,,N,93,6.08,
810,54_3SE_O,,54_3,3,SE,O,,,N,3,9.33,
811,28_1NW_O,,28_1,1,NW,O,,,N,69,8.54,
812,56_2NW_MC,,56_2,2,NW,M,C,0_5,Y,32,1.25,
813,18_1SW_O,,18_1,1,SW,O,,,N,NA,10.34,
814,32_2C_O,,32_2,2,C,O,,,N,97,12.61,
815,15_3NE_O,,15_3,3,NE,O,,,N,99,4.78,
816,11_0SW_MC,,11_0,0,SW,M,C,5_10,Y,156,2.57,
817,12_1SW_MC,,12_1,1,SW,M,C,0_5,Y,77,1.53,
818,11_0NW_MC,,11_0,0,NW,M,C,5_10,Y,147,2.81,
819,36_1NE_O,,36_1,1,NE,O,,,Y,NA,9.77,
820,50_1SW_MC,,50_1,1,SW,M,C,5_10,Y,28,1.76,
821,52_1SW_O,,52_1,1,SW,O,,,N,123,10.15,
822,58_0NW_MC,,58_0,0,NW,M,C,10_15,Y,NA,14.12,
823,11_0C_MF,,11_0,0,C,M,F,0_5,Y,129,18.68,
824,58_0NW_MF,,58_0,0,NW,M,F,10_15,Y,46,18.91,
825,36_1NE_MF,,36_1,1,NE,M,F,,Y,161,21.63,
826,36_1NE_MC,,36_1,1,NE,M,C,,Y,161,17.16,
827,5_1SE_O,,5_1,1,SE,O,,,N,NA,5.6,
828,27_2C_O,,27_2,2,C,O,,,N,NA,5.67,
829,42_1SE_O,,42_1,1,SE,O,,,N,42,6.2,
830,50_1SW_O,,50_1,1,SW,O,,,N,75,5.68,
831,8_2C_O,,8_2,2,C,O,,,N,92,8.49,
832,27_2SE_O,,27_2,2,SE,O,,,N,NA,6.79,
833,17_3SW_O,,17_3,3,SW,O,,,N,NA,6.49,
834,55_3C_O,,55_3,3,C,O,,,N,50,9.88,
835,39_2C_O,,39_2,2,C,O,,,N,99,7.5,
836,58_0NE_MC,,58_0,0,NE,M,C,5_10,Y,NA,16.75,
837,10_0SW_MC,,10_0,0,SW,M,C,5_10,Y,NA,18.57,
838,10_0SW_MF,,10_0,0,SW,M,F,5_10,Y,68,19.45,
839,58_0NE_MF,,58_0,0,NE,M,F,5_10,Y,NA,21.65,
840,16_2C_O,,16_2,2,C,O,,,N,122,7.78,
841,37_3NW_O,,37_3,3,NW,O,,,N,100,7.53,
842,17_3NW_O,,17_3,3,NW,O,,,N,NA,8.57,
843,41_1NE_O,,41_1,1,NE,O,,,N,87,3.32,
844,39_2SW_MF,,39_2,2,SW,M,F,,Y,86,15.07,21-Jun
845,39_2SW_MC,,39_2,2,SW,M,C,,Y,86,14.12,21-Jun
846,39_2C_O,,39_2,2,C,O,,,N,79,8.34,*CHECK?
847,7_3SE_MF,,7_3,3,SE,M,F,,Y,89,18.89,
848,7_3SE_MC,,7_3,3,SE,M,C,,Y,89,15.01,
849,29_1C_MF,,29_1,1,C,M,F,,Y,82,15.79,
850,29_1C_MC,,29_1,1,C,M,C,,Y,82,12.32,
851,64_1NE_O,,64_1,1,NE,O,,,N,47,7.46,
852,12_1NE_O,,12_1,1,NE,O,,,N,5,6.61,
853,27_2SW_O,,27_2,2,SW,O,,,N,67,5.8,
854,64_1NW_O,,64_1,1,NW,O,,,N,101,8.95,
855,64_1SW_O,,64_1,1,SW,O,,,N,165,15.14,
856,25_3NW_O,,25_3,3,NW,O,,,N,NA,12.75,
857,44_0NE_O,,44_0,0,NE,O,,,N,73,6.05,
858,65_1NW_O,,65_1,1,NW,O,,,N,66,5.47,
859,7_3SW_O,,7_3,3,SW,O,,,N,59,6.72,
860,50_1NW_O,,50_1,1,NW,O,,,N,24,8.17,
861,26_2SW_O,,26_2,2,SW,O,,,N,NA,6.67,
862,29_1C_O,,29_1,1,C,O,,,N,NA,5.16,
863,15_3NW_MC,,15_3,3,NW,M,C,10_15,Y,16,0.4,
864,58_0SW_O,,58_0,0,SW,O,,,Y,49,4.39,
865,56_2SW_MC,,56_2,2,SW,M,C,10_15,Y,31,0.8,
866,39_2NW_MC,,39_2,2,NW,M,C,0_5,Y,4,0.29,
867,55_3SW_O,,55_3,3,SW,O,,,N,54,0.85,
868,26_2SE_O,,26_2,2,SE,O,,,N,NA,6.44,
869,28_1C_O,,28_1,1,C,O,,,N,200,9.02,
870,41_1SE_O,,41_1,1,SE,O,,,N,123,9.97,
871,10_0NW_O,,10_0,0,NW,O,,,N,50,3.34,
872,52_1SW_MC,,52_1,1,SW,M,C,0_5,Y,1,0.72,ALL ROCK
873,56_2C_MC,,56_2,2,C,M,C,5_10,Y,30,0.09,NOT MUCH
874,57_2SE_MC,,57_2,2,SE,M,C,10_15,Y,46,0,(ACTUALLY 13)
875,58_0C_MC,,58_0,0,C,M,C,0_5,Y,83,0.58,
876,39_2C_MC,,39_2,0,C,M,C,,Y,24,0.16,21-Jun
877,41_1NE_MC,,41_1,1,NE,M,C,,Y,13,37.35,
878,42_1NE_O,,42_1,1,NE,O,,,N,136,7.06,
879,26_2NW_O,,26_2,2,NW,O,,,N,NA,4.95,
880,25_3SW_O,,25_3,3,SW,O,,,N,NA,12.02,
881,54_3SW_O,,54_3,3,SW,O,,,N,100,6.56,
882,33_1SE_O,,33_1,1,SE,O,,,N,NA,6.02,
883,18_1C_O,,18_1,1,C,O,,,N,NA,7.07,
884,7_3SE_O,,7_3,3,SE,O,,,N,87,9.23,
885,35_3NE_O,,35_3,3,NE,O,,,N,NA,11.92,
886,19_2SW_O,,19_2,2,SW,O,,,N,NA,7.08,
887,54_3NW_O,,54_3,3,NW,O,,,N,74,9.2,
888,25_3NE_O,,25_3,3,NE,O,,,N,NA,13.16,
889,17_3NE_O,,17_3,3,NE,O,,,N,NA,7.45,
890,34_2SE_O,,34_2,2,SE,O,,,N,NA,9.1,
891,41_1C_O,,41_1,1,C,O,,,N,NA,11.78,
892,41_1SW_O,,41_1,1,SW,O,,,N,NA,6.84,
893,28_1NE_MF,,28_1,1,NE,M,F,,Y,152,20.37,
894,28_1NE_MC,,28_1,1,NE,M,C,,Y,152,17.54,
895,47_2C_MC,,47_2,2,C,M,C,10_15,Y,69,0.18,
896,56_2SE_MC,,56_2,2,SE,M,C,5_10,Y,34,0.23,ACTUALLY 5_7
897,37_3SE_MC,,37_3,3,SE,M,C,5_10,Y,53,0.52,
898,57_2NW_MC,,57_2,2,NW,M,C,10_15,Y,47,0.47,ACTUALLY 10_12
899,57_2C_MC,,57_2,2,C,M,C,10_15,Y,39,0.14,
900,37_3NE_MC,,37_3,3,NE,M,C,5_10,Y,103,0,
901,37_3NW_MC,,37_3,3,NW,M,C,5_10,Y,21,0.93,REPLACEMENT BAG
902,12_1NE_MC,,12_1,1,NE,M,C,5_10,Y,52,2.15,
903,50_1NE_MC,,50_1,1,NE,M,C,10_15,Y,9,0.42,
904,56_2NW_MC,,56_2,2,NW,M,C,10_15,Y,67,0.4,
905,47_2C_MC,,47_2,2,C,M,C,0_5,Y,90,0.3,
906,56_2SW_MC,,56_2,2,SW,M,C,0_5,Y,23,0.22,
907,15_3SE_MC,,15_3,3,SE,M,C,10_15,Y,109,1.89,
908,50_1C_MC,,50_1,1,C,M,C,10_15,Y,96,2.21,
909,56_2NE_MC,,56_2,2,NE,M,C,5_10,Y,43,0.29,-2
910,37_3C_MC,,37_3,3,C,M,C,10_15,Y,22,0.6,
911,58_0C_MF,,58_0,0,C,M,F,5_10,Y,159,17.47,
912,58_0C_MC,,58_0,0,C,M,C,5_10,Y,159,12.61,
913,58_0NW_MC,,58_0,0,NW,M,C,5_10,Y,54,0.68,
914,47_2NE_MC,,47_2,2,NE,M,C,0_5,Y,72,0.53,LOTS OF WOOD
915,14_3SW_MC,,14_3,3,SW,M,C,,Y,109,0.7,
916,47_2NW_MC,,47_2,2,NW,M,C,0_5,Y,26,0.12,ALL TWIG
917,10_0SE_MF,,10_0,0,SE,M,F,10_15,Y,44,24.83,
918,12_1SE_MF,,12_1,1,SE,M,F,0_5,Y,15,17.25,
919,12_1SE_MC,,12_1,1,SE,M,C,0_5,Y,15,3.15,
920,48_1NE_MC,,48_1,1,NE,M,C,,Y,134,17.01,
921,48_1NE_MF,,48_1,1,NE,M,F,,Y,134,18.76,
922,40_2SW_MF,,40_2,2,SW,M,F,,Y,149,18.76,
923,58_0NE_MF,,58_0,0,NE,M,F,10_15,Y,45,20.8,
924,58_0NE_MF,,58_0,0,NE,M,C,10_15,Y,45,18.49,
925,40_2SW_MC,,40_2,2,SW,M,C,,Y,149,21.05,
926,10_0SE_MC,,10_0,0,SE,M,C,10_15,Y,44,17.21,
927,41_1NW_MC,,41_1,1,NW,M,C,,Y,91,18.4,
928,58_0SE_MF,,58_0,0,SE,M,F,0_5,Y,48,17.18,
929,10_0NE_MC,,10_0,0,NE,M,C,5_10,Y,72,21.37,
930,58_0SE_MC,,58_0,0,SE,M,C,0_5,Y,48,14.89,
931,10_0NE_MC,,10_0,0,NE,M,C,5_10,Y,72,21.12,
932,58_0SW_MF,,58_0,0,SW,M,F,10_15,Y,40,24,
933,41_1NW_MF,,41_1,1,NW,M,F,,Y,91,16.36,
934,58_0SW_MF,,58_0,0,SW,M,C,10_15,Y,40,16.8,
935,50_1NE_MF,,50_1,1,NE,M,F,0_5,Y,93,10.46,
936,11_0SE_MC,,11_0,0,SE,M,C,5_10,Y,141,14.98,
937,58_0SW_MC,,58_0,0,SW,M,C,0_5,Y,76,12.05,
938,10_0SE_MC,,10_0,0,SE,M,C,5_10,Y,51,17.9,
939,23_3NE_MC,,23_3,3,NE,M,C,,Y,44,23.47,
940,10_0SE_MF,,10_0,0,SE,M,F,5_10,Y,51,18.38,
941,58_0C_MF,,58_0,0,C,M,F,10_15,Y,143,13.08,
942,58_0SW_MF,,58_0,0,SW,M,F,0_5,Y,76,17.05,
943,10_0SE_MC,,10_0,0,SE,M,C,0_5,Y,100,6.75,
944,10_0SE_MF,,10_0,0,SE,M,F,0_5,Y,100,16.75,
945,23_3NE_MF,,23_3,3,NE,M,F,,Y,44,14.58,
946,11_0SE_MF,,11_0,0,SE,M,F,5_10,Y,141,23.65,
947,58_0C_MC,,58_0,0,C,M,C,10_15,Y,143,8.11,
NO_SAMPLE,47_2NE_MC,,47_2,2,NE,M,C,5_10,Y,73, ,
948,1_0SE_O,STEESE,1_0,0,SE,O,,,N,NA,14.11,
949,1_0C_O,STEESE,1_0,0,C,O,,,N,NA,10.77,
950,9_0SW_O,STEESE,9_0,0,SW,O,,,N,NA,6.33,
951,6_0C_O,STEESE,6_0,0,C,O,,,N,NA,5.79,
952,1_0SW_MC,STEESE,1_0,0,SW,M,C,,N,NA,16.88,
953,9_0C_O,STEESE,9_0,0,C,O,,,N,NA,8.43,
954,1_0NW_O,STEESE,1_0,0,NW,O,,,N,NA,4.55,
955,31_0SE_O,STEESE,31_0,0,SE,O,,,N,NA,7.5,
956,6_0SW_O,STEESE,6_0,0,SW,O,,,N,NA,6.01,
957,31_0NE_O,STEESE,31_0,0,NE,O,,,N,NA,4.06,
958,9_0NE_O,STEESE,9_0,0,NE,O,,,N,NA,8.55,
959,6_0NE_O,STEESE,6_0,0,NE,O,,,N,NA,6.44,
960,31_0C_O,STEESE,31_0,0,C,O,,,N,NA,11.76,
961,1_0NE_O,STEESE,1_0,0,NE,O,,,N,NA,31.49,
962,1_0SW_O,STEESE,1_0,0,SW,O,,,N,NA,4.24,
963,6_0NW_O,STEESE,6_0,0,NW,O,,,N,NA,8.43,
964,9_0SE_O,STEESE,9_0,0,SE,O,,,N,,4.99,
965,6_0SE_MF,STEESE,6_0,0,SE,M,F,,N,,21.76,
966,6_0SE_MC,STEESE,6_0,0,SE,M,C,,N,,14.98,
967,1_0C_MC,STEESE,1_0,0,C,M,C,,N,,14.49,
968,1_0C_MF,STEESE,1_0,0,C,M,F,,N,NA,20.14,
969,1_0SW_MF,STEESE,1_0,0,SW,M,F,,N,NA,21.37,
970,,,,,,,,,N,,18.54,
971,6_0SE_O,STEESE,6_0,0,SE,O,,,N,,4.77,
972,31_0SW_MC,STEESE,31_0,0,SW,M,C,,N,,37.25,
973,1_0SE_MC,STEESE,1_0,0,SE,M,C,,N,,42.05,
974,1_0SE_MF,STEESE,1_0,0,SE,M,F,,N,,23.97,
975,31_0C_MC,STEESE,31_0,0,C,M,C,,N,,14.85,
976,31_0C_MF,STEESE,31_0,0,C,M,F,,N,,19.37,
977,1_0NW_MC,STEESE,1_0,0,NW,M,C,,N,,16.15,
978,1_0NW_MF,STEESE,1_0,0,NW,M,F,,N,,19.33,
979,9_0SE_MF,STEESE,9_0,0,SE,M,F,,N,,13.89,
980,9_0SE_MC,STEESE,9_0,0,SE,M,C,,N,,16.88,
981,9_0NE_MC,STEESE,9_0,0,NE,M,C,,N,,15.95,
982,6_0SW_MC,STEESE,6_0,0,SW,M,C,,N,,19.82,
983,9_0NW_MC,STEESE,9_0,0,NW,M,C,,N,,23.48,
984,9_0NW_O,STEESE,9_0,0,NW,O,,,N,,7.95,
985,31_0NW_MF,STEESE,31_0,0,NW,M,F,,N,,20.88,
986,9_0NE_MF,STEESE,9_0,0,NE,M,F,,N,,20.42,
987,31_0NW_MC,STEESE,31_0,0,NW,M,C,,N,,13.67,
988,6_0C_MF,STEESE,6_0,0,C,M,F,,N,,23.64,
989,31_0SW_MF,STEESE,31_0,0,SW,M,F,,N,,6.52,
990,31_0SW_O,STEESE,31_0,0,SW,O,,,N,,7.98,
991,6_0C_MC,STEESE,6_0,0,C,M,C,,N,,14.87,
992,6_0SW_MF,STEESE,6_0,0,SW,M,F,,N,,18.54,
993,31_0NW_O,STEESE,31_0,0,NW,O,,,N,,8.49,
994,10_0NE_MF,DALTON,10_0,0,NE,M,F,5_10,Y,72,21,
995,23_3SW_O,,23_3,3,SW,O,,,N,,12.93,
996,50_1NE_MF,DALTON,50_1,1,NE,M,F,0_5,Y,93,10.05,
997,52_1C_MC,DALTON,52_1,1,C,M,C,5_10,Y,137,12.48,
NO_SAMPLE,32_2SW_O,DALTON,32_2,2,SW,O,,,,,,
NO_SAMPLE,57_2NW_O,DALTON,57_2,2,NW,O,,,,,,