"SAMPLE","PLOT","TREAT","CORNER","VIAL","ORG_MIN","COARSE_FINE","DIVID","VIAL_WEIGHT","BAG","NOTES","DRY_WEIGHT_BAG","DUP","SITE","DEPTH_CM","DEPTH","DRY_WEIGHT"
"1_0C_O","1_0",0,"C","949","O","","N",10.77,NA,"",20.03,"","STEESE",22,"FULL",30.8
"1_0C_MC","1_0",0,"C","967","M","C","N",14.49,NA,"",203.07,"","STEESE",15,"FULL",217.56
"1_0C_MF","1_0",0,"C","968","M","F","N",20.14,NA,"",49.47,"","STEESE",15,"FULL",69.61
"1_0NE_O","1_0",0,"NE","961","O","","N",31.49,NA,"",5.07,"","STEESE",22,"FULL",36.56
"1_0NW_O","1_0",0,"NW","954","O","","N",4.55,NA,"",6.12,"","STEESE",21,"FULL",10.67
"1_0NW_MC","1_0",0,"NW","977","M","C","N",16.15,NA,"",10.35,"","STEESE",15,"FULL",26.5
"1_0NW_MF","1_0",0,"NW","978","M","F","N",19.33,NA,"",14.7,"","STEESE",15,"FULL",34.03
"1_0SE_O","1_0",0,"SE","948","O","","N",14.11,NA,"",45.02,"","STEESE",16,"FULL",59.13
"1_0SE_MC","1_0",0,"SE","973","M","C","N",42.05,NA,"",214.6,"","STEESE",15,"FULL",256.65
"1_0SE_MF","1_0",0,"SE","974","M","F","N",23.97,NA,"",144.73,"","STEESE",15,"FULL",168.7
"1_0SW_O","1_0",0,"SW","962","O","","N",4.24,NA,"",22.64,"","STEESE",21.5,"FULL",26.88
"1_0SW_MC","1_0",0,"SW","952","M","C","N",16.88,NA,"",142.6733333,"","STEESE",15,"FULL",159.5533333
"1_0SW_MF","1_0",0,"SW","969","M","F","N",21.37,NA,"",27.04,"","STEESE",15,"FULL",48.41
"10_0C_O","10_0",0,"C","788","O","","Y",3.94,59,"",13.68,"","DALTON",18,"FULL",17.62
"10_0C_MC","10_0",0,"C","612","M","C","Y",10.15,66,"",0,"","DALTON",5,"10_15",10.15
"10_0C_MC","10_0",0,"C","735","M","C","Y",3.96,84,"",0,"","DALTON",5,"5_10",3.96
"10_0C_MC","10_0",0,"C","768","M","C","Y",13.98,80,"",39,"","DALTON",5,"0_5",52.98
"10_0C_MF","10_0",0,"C","261","M","F","Y",9.1,66,"",80.07,"","DALTON",5,"10_15",89.17
"10_0C_MF","10_0",0,"C","28","M","F","Y",9.17,84,"",11.67,"","DALTON",5,"5_10",20.84
"10_0C_MF","10_0",0,"C","769","M","F","Y",19.12,80,"",50.38,"","DALTON",5,"0_5",69.5
"10_0NE_O","10_0",0,"NE","508","O","","Y",5.97,108,"",18.88,"","DALTON",23,"FULL",24.85
"10_0NE_MC","10_0",0,"NE","764","M","C","Y",1.9,104,"",0,"","DALTON",5,"0_5",1.9
"10_0NE_MC","10_0",0,"NE","770","M","C","Y",12.2,161,"",13.05,"","DALTON",5,"10_15",25.25
"10_0NE_MC","10_0",0,"NE","929","M","C","Y",21.37,72,"",34.01,"DUP","DALTON",5,"5_10",55.38
"10_0NE_MC","10_0",0,"NE","931","M","C","Y",21.12,72,"",34.01,"DUP","DALTON",5,"5_10",55.13
"10_0NE_MF","10_0",0,"NE","151","M","F","Y",9.06,NA,"",109.33,"","DALTON",5,"0_5",118.39
"10_0NE_MF","10_0",0,"NE","771","M","F","Y",14.83,161,"",95.51,"","DALTON",5,"10_15",110.34
"10_0NE_MF","10_0",0,"NE","994","M","F","Y",21,72,"",29.76,"","DALTON",5,"5_10",50.76
"10_0NW_O","10_0",0,"NW","871","O","","Y",3.34,50,"",16.15,"","DALTON",23,"FULL",19.49
"10_0NW_MC","10_0",0,"NW","523","M","C","Y",0.59,145,"",0,"","DALTON",5,"10_15",0.59
"10_0NW_MC","10_0",0,"NW","737","M","C","Y",3.92,97,"",0,"","DALTON",5,"5_10",3.92
"10_0NW_MC","10_0",0,"NW","757","M","C","Y",1.35,141,"",0,"","DALTON",5,"0_5",1.35
"10_0NW_MF","10_0",0,"NW","20","M","F","Y",9.36,NA,"",110.32,"","DALTON",5,"10_15",119.68
"10_0NW_MF","10_0",0,"NW","283","M","F","Y",10.41,97,"",111.65,"","DALTON",5,"5_10",122.06
"10_0NW_MF","10_0",0,"NW","47","M","F","Y",11.08,NA,"",92.91,"","DALTON",5,"0_5",103.99
"10_0SE_O","10_0",0,"SE","580","O","","Y",3.42,35,"",10.44,"","DALTON",19,"FULL",13.86
"10_0SE_MC","10_0",0,"SE","926","M","C","Y",17.21,44,"",4.1,"","DALTON",5,"10_15",21.31
"10_0SE_MC","10_0",0,"SE","938","M","C","Y",17.9,51,"",15.28,"","DALTON",5,"5_10",33.18
"10_0SE_MC","10_0",0,"SE","943","M","C","Y",6.75,100,"",0,"","DALTON",5,"0_5",6.75
"10_0SE_MF","10_0",0,"SE","917","M","F","Y",24.83,44,"",48.33,"","DALTON",5,"10_15",73.16
"10_0SE_MF","10_0",0,"SE","940","M","F","Y",18.38,51,"",47.24,"","DALTON",5,"5_10",65.62
"10_0SE_MF","10_0",0,"SE","944","M","F","Y",16.75,100,"",32.18,"","DALTON",5,"0_5",48.93
"10_0SW_O","10_0",0,"SW","513","O","","Y",5.67,55,"",21.48,"","DALTON",17,"FULL",27.15
"10_0SW_MC","10_0",0,"SW","536","M","C","Y",20.27,33,"",2.61,"","DALTON",5,"10_15",22.88
"10_0SW_MC","10_0",0,"SW","592","M","C","Y",18.72,57,"",0,"","DALTON",5,"0_5",18.72
"10_0SW_MC","10_0",0,"SW","837","M","C","Y",18.57,NA,"",31.33,"","DALTON",5,"5_10",49.9
"10_0SW_MF","10_0",0,"SW","195","M","F","Y",9.81,37,"",91.39,"","DALTON",5,"0_5",101.2
"10_0SW_MF","10_0",0,"SW","295","M","F","Y",14.97,33,"",87.53,"","DALTON",5,"10_15",102.5
"10_0SW_MF","10_0",0,"SW","838","M","F","Y",19.45,68,"",45.39,"","DALTON",5,"5_10",64.84
"11_0C_O","11_0",0,"C","320","O","","Y",3.28,42,"",9.68,"","DALTON",17,"FULL",12.96
"11_0C_MC","11_0",0,"C","441","M","C","Y",2.16,57,"",0,"","DALTON",5,"10_15",2.16
"11_0C_MC","11_0",0,"C","763","M","C","Y",12.4,129,"",0,"","DALTON",5,"0_5",12.4
"11_0C_MF","11_0",0,"C","225","M","F","Y",8.38,57,"",92.82,"","DALTON",5,"10_15",101.2
"11_0C_MF","11_0",0,"C","239","M","F","Y",8.82,155,"NO COARSE",104.31,"","DALTON",5,"5_10",113.13
"11_0C_MF","11_0",0,"C","823","M","F","Y",18.68,129,"",100.28,"","DALTON",5,"0_5",118.96
"11_0NE_O","11_0",0,"NE","383","O","","Y",5.99,130,"",4.27,"DUP","DALTON",16,"FULL",10.26
"11_0NE_O","11_0",0,"NE","762","O","","Y",4.36,130,"",4.27,"DUP","DALTON",16,"FULL",8.63
"11_0NE_MC","11_0",0,"NE","447","M","C","Y",1.51,150,"",0,"","DALTON",5,"10_15",1.51
"11_0NE_MF","11_0",0,"NE","134","M","F","Y",9.75,NA,"NO COARSE",89.86,"","DALTON",5,"5_10",99.61
"11_0NE_MF","11_0",0,"NE","34","M","F","Y",7.37,NA,"",105.5,"","DALTON",5,"10_15",112.87
"11_0NW_O","11_0",0,"NW","571","O","","Y",4.89,21,"",13.03,"","DALTON",20,"FULL",17.92
"11_0NW_M","11_0",0,"NW","803","M","C","Y",3.66,145,"COARSE - FIXED",0,"","DALTON",5,"0_5",3.66
"11_0NW_MC","11_0",0,"NW","380","M","C","Y",1.46,136,"",0,"","DALTON",5,"10_15",1.46
"11_0NW_MC","11_0",0,"NW","818","M","C","Y",2.81,147,"",0,"","DALTON",5,"5_10",2.81
"11_0NW_MF","11_0",0,"NW","165","M","F","Y",10.97,NA,"",88.99,"","DALTON",5,"10_15",99.96
"11_0NW_MF","11_0",0,"NW","243","M","F","Y",11.36,147,"",95.97,"","DALTON",5,"5_10",107.33
"11_0NW_MF","11_0",0,"NW","68","M","F","Y",7.52,NA,"",36.71,"","DALTON",5,"0_5",44.23
"11_0SE_O","11_0",0,"SE","490","O","","Y",3.2,58,"",3.91,"","DALTON",18,"FULL",7.11
"11_0SE_MC","11_0",0,"SE","347","M","C","Y",12.13,121,"",0,"DUP","DALTON",5,"0_5",12.13
"11_0SE_MC","11_0",0,"SE","626","M","C","Y",9.76,26,"",0,"","DALTON",5,"10_15",9.76
"11_0SE_MC","11_0",0,"SE","736","M","C","Y",1.24,149,"",0,"DUP","DALTON",5,"0_5",1.24
"11_0SE_MC","11_0",0,"SE","936","M","C","Y",14.98,141,"",29.81,"","DALTON",5,"5_10",44.79
"11_0SE_MF","11_0",0,"SE","220","M","F","Y",13.33,26,"",74.6,"","DALTON",5,"10_15",87.93
"11_0SE_MF","11_0",0,"SE","228","M","F","Y",7.42,121,"",76.5,"","DALTON",5,"0_5",83.92
"11_0SE_MF","11_0",0,"SE","946","M","F","Y",23.65,141,"",65.66,"","DALTON",5,"5_10",89.31
"11_0SW_O","11_0",0,"SW","561","O","","Y",7.35,14,"",20.22,"","DALTON",17,"FULL",27.57
"11_0SW_MC","11_0",0,"SW","410","M","C","Y",2.61,134,"",0,"","DALTON",5,"0_5",2.61
"11_0SW_MC","11_0",0,"SW","816","M","C","Y",2.57,156,"",0.84,"","DALTON",5,"5_10",3.41
"11_0SW_MF","11_0",0,"SW","121","M","F","Y",10.34,121,"NO COARSE",62.84,"","DALTON",5,"10_15",73.18
"11_0SW_MF","11_0",0,"SW","259","M","F","Y",10.63,156,"",55.83,"","DALTON",5,"5_10",66.46
"11_0SW_MF","11_0",0,"SW","273","M","F","Y",6.38,134,"",44.36,"","DALTON",5,"0_5",50.74
"12_1C_O","12_1",1,"C","649","O","","Y",5.84,91,"",10.3,"","DALTON",2.5,"FULL",16.14
"12_1C_MC","12_1",1,"C","535","M","C","Y",2.38,78,"",0,"","DALTON",5,"0_5",2.38
"12_1C_MC","12_1",1,"C","627","M","C","Y",2.22,70,"",0,"","DALTON",5,"5_10",2.22
"12_1C_MC","12_1",1,"C","760","M","C","Y",0.4,44,"",0,"","DALTON",5,"10_15",0.4
"12_1C_MF","12_1",1,"C","141","M","F","Y",3.14,NA,"",37.69,"","DALTON",5,"0_5",40.83
"12_1C_MF","12_1",1,"C","212","M","F","Y",7.74,70,"",69.99,"","DALTON",5,"5_10",77.73
"12_1C_MF","12_1",1,"C","41","M","F","Y",8.55,NA,"",48.47,"","DALTON",5,"10_15",57.02
"12_1NE_O","12_1",1,"NE","852","O","","Y",6.61,5,"",18.72,"","DALTON",2,"FULL",25.33
"12_1NE_MC","12_1",1,"NE","436","M","C","Y",0.09,85,"",0,"","DALTON",5,"0_5",0.09
"12_1NE_MC","12_1",1,"NE","902","M","C","Y",2.15,52,"",0,"","DALTON",5,"5_10",2.15
"12_1NE_MF","12_1",1,"NE","125","M","F","Y",6.15,85,"",18.94,"","DALTON",5,"0_5",25.09
"12_1NE_MF","12_1",1,"NE","274","M","F","Y",9.22,52,"",26.02,"","DALTON",5,"5_10",35.24
"12_1NW_O","12_1",1,"NW","689","O","","Y",9.53,98,"",10.3,"","DALTON",5,"FULL",19.83
"12_1NW_MC","12_1",1,"NW","652","M","C","Y",2.15,82,"",0,"","DALTON",5,"5_10",2.15
"12_1NW_MC","12_1",1,"NW","714","M","C","Y",2.41,90,"",0,"","DALTON",5,"0_5",2.41
"12_1NW_MF","12_1",1,"NW","164","M","F","Y",7.62,NA,"",117.24,"","DALTON",5,"5_10",124.86
"12_1NW_MF","12_1",1,"NW","255","M","F","Y",5.52,90,"",42.42,"","DALTON",5,"0_5",47.94
"12_1NW_MF","12_1",1,"NW","281","M","F","Y",11.82,83,"NO COARSE",46.39,"","DALTON",5,"10_15",58.21
"12_1SE_O","12_1",1,"SE","741","O","","Y",7.26,38,"",32.62,"","DALTON",3,"FULL",39.88
"12_1SE_MC","12_1",1,"SE","756","M","C","Y",1.62,106,"",0,"","DALTON",5,"10_15",1.62
"12_1SE_MC","12_1",1,"SE","919","M","C","Y",3.15,15,"",0,"","DALTON",5,"0_5",3.15
"12_1SE_MF","12_1",1,"SE","227","M","F","Y",8.46,46,"",52.15,"","DALTON",5,"5_10",60.61
"12_1SE_MF","12_1",1,"SE","269","M","F","Y",6.9,106,"",36.45,"","DALTON",5,"10_15",43.35
"12_1SE_MF","12_1",1,"SE","918","M","F","Y",17.25,15,"",39.06,"","DALTON",5,"0_5",56.31
"12_1SW_O","12_1",1,"SW","638","O","","Y",6.6,NA,"",3.58,"","DALTON",10,"FULL",10.18
"12_1SW_MC","12_1",1,"SW","653","M","C","Y",2.24,46,"",0,"DUP","DALTON",5,"5_10",2.24
"12_1SW_MC","12_1",1,"SW","759","M","C","Y",4.41,57,"",0,"DUP","DALTON",5,"5_10",4.41
"12_1SW_MC","12_1",1,"SW","817","M","C","Y",1.53,77,"",0,"","DALTON",5,"0_5",1.53
"12_1SW_MF","12_1",1,"SW","167","M","F","Y",4.45,NA,"",45.83,"","DALTON",5,"0_5",50.28
"12_1SW_MF","12_1",1,"SW","257","M","F","Y",8.32,57,"",141.72,"","DALTON",5,"5_10",150.04
"12_1SW_MF","12_1",1,"SW","266","M","F","Y",5.62,144,"NO COARSE",113.66,"","DALTON",5,"10_15",119.28
"14_3C_O","14_3",3,"C","754","O","","N",4.08,36,"",0.94,"","DALTON",0.875,"FULL",5.02
"14_3C_MC","14_3",3,"C","552","M","C","N",15.26,116,"",0,"","DALTON",15,"FULL",15.26
"14_3C_MF","14_3",3,"C","233","M","F","N",10.81,116,"",325.5,"","DALTON",15,"FULL",336.31
"14_3NE_O","14_3",3,"NE","494","O","","N",10.86,32,"",13.69,"","DALTON",0.5,"FULL",24.55
"14_3NE_MC","14_3",3,"NE","606","M","C","N",16.58,114,"",0,"","DALTON",15,"FULL",16.58
"14_3NE_MF","14_3",3,"NE","278","M","F","N",15.92,114,"",396.09,"","DALTON",15,"FULL",412.01
"14_3NW_O","14_3",3,"NW","463","O","","N",13.03,94,"",10.33,"","DALTON",2.5,"FULL",23.36
"14_3NW_MC","14_3",3,"NW","555","M","C","N",1.35,111,"",0,"","DALTON",15,"FULL",1.35
"14_3NW_MF","14_3",3,"NW","305","M","F","N",11.67,111,"",309.77,"","DALTON",15,"FULL",321.44
"14_3SE_O","14_3",3,"SE","613","O","","N",9.36,69,"",4.65,"","DALTON",0.5,"FULL",14.01
"14_3SE_MC","14_3",3,"SE","596","M","C","N",14.46,118,"",0,"","DALTON",15,"FULL",14.46
"14_3SE_MF","14_3",3,"SE","293","M","F","N",17.3,118,"",374.26,"","DALTON",15,"FULL",391.56
"14_3SW_O","14_3",3,"SW","378","O","","N",8.96,63,"",0,"DUP","DALTON",0,"FULL",8.96
"14_3SW_O","14_3",3,"SW","755","O","","N",8.78,62,"",0,"DUP","DALTON",0,"FULL",8.78
"14_3SW_MC","14_3",3,"SW","915","M","C","N",0.7,109,"",336.59,"","DALTON",15,"FULL",337.29
"14_3SW_MF","14_3",3,"SW","32","M","F","N",11.16,NA,"",0,"","DALTON",15,"FULL",11.16
"15_3C_O","15_3",3,"C","807","O","","Y",8.75,15,"",10.81,"","DALTON",6.5,"FULL",19.56
"15_3C_MC","15_3",3,"C","348","M","C","Y",1.3,3,"",0,"","DALTON",5,"0_5",1.3
"15_3C_MC","15_3",3,"C","440","M","C","Y",10.55,38,"",0,"","DALTON",5,"5_10",10.55
"15_3C_MC","15_3",3,"C","722","M","C","Y",14.05,7,"",0,"","DALTON",5,"10_15",14.05
"15_3C_MF","15_3",3,"C","113","M","F","Y",7.12,NA,"",69.75,"","DALTON",5,"0_5",76.87
"15_3C_MF","15_3",3,"C","179","M","F","Y",6.7,NA,"",101.15,"","DALTON",5,"5_10",107.85
"15_3C_MF","15_3",3,"C","53","M","F","Y",12.39,NA,"",143.45,"","DALTON",5,"10_15",155.84
"15_3NE_O","15_3",3,"NE","815","O","","Y",4.78,99,"",1.39,"","DALTON",1.35,"FULL",6.17
"15_3NE_MC","15_3",3,"NE","340","M","C","Y",13.25,27,"",0,"","DALTON",5,"0_5",13.25
"15_3NE_MC","15_3",3,"NE","398","M","C","Y",7.68,42,"",13.7,"","DALTON",5,"10_15",21.38
"15_3NE_MC","15_3",3,"NE","699","M","C","Y",23.82,36,"",0,"","DALTON",5,"5_10",23.82
"15_3NE_MF","15_3",3,"NE","104","M","F","Y",7.84,NA,"",67.8,"","DALTON",5,"0_5",75.64
"15_3NE_MF","15_3",3,"NE","177","M","F","Y",7.57,NA,"",70.55,"","DALTON",5,"10_15",78.12
"15_3NE_MF","15_3",3,"NE","66","M","F","Y",11.04,NA,"",123.29,"","DALTON",5,"5_10",134.33
"15_3NW_O","15_3",3,"NW","772","O","","Y",6.13,80,"",2.35,"","DALTON",2.6,"FULL",8.48
"15_3NW_MC","15_3",3,"NW","341","M","C","Y",17.2,29,"",40.66,"","DALTON",5,"0_5",57.86
"15_3NW_MC","15_3",3,"NW","377","M","C","Y",3.83,104,"",0,"","DALTON",5,"5_10",3.83
"15_3NW_MC","15_3",3,"NW","863","M","C","Y",0.4,16,"",0,"","DALTON",5,"10_15",0.4
"15_3NW_MF","15_3",3,"NW","105","M","F","Y",7.6,NA,"",41.52,"","DALTON",5,"0_5",49.12
"15_3NW_MF","15_3",3,"NW","180","M","F","Y",7.19,NA,"",141.54,"","DALTON",5,"5_10",148.73
"15_3NW_MF","15_3",3,"NW","52","M","F","Y",11.61,NA,"",102.29,"","DALTON",5,"10_15",113.9
"15_3SE_O","15_3",3,"SE","455","O","","Y",5.59,111,"",3.82,"","DALTON",2.1,"FULL",9.41
"15_3SE_MC","15_3",3,"SE","318","M","C","Y",5.46,4,"",1.15,"","DALTON",5,"0_5",6.61
"15_3SE_MC","15_3",3,"SE","399","M","C","Y",7.04,112,"",0,"","DALTON",5,"5_10",7.04
"15_3SE_MC","15_3",3,"SE","907","M","C","Y",1.89,109,"",0,"","DALTON",5,"10_15",1.89
"15_3SE_MF","15_3",3,"SE","101","M","F","Y",5.8,NA,"",87.12,"DUP","DALTON",5,"0_5",92.92
"15_3SE_MF","15_3",3,"SE","176","M","F","Y",7.51,NA,"",149.05,"","DALTON",5,"5_10",156.56
"15_3SE_MF","15_3",3,"SE","64","M","F","Y",12.16,NA,"",75.88,"","DALTON",5,"10_15",88.04
"15_3SW_O","15_3",3,"SW","330","O","","Y",4.75,107,"",0.37,"","DALTON",2.3,"FULL",5.12
"15_3SW_MC","15_3",3,"SW","319","M","C","Y",10.13,17,"",0,"","DALTON",5,"0_5",10.13
"15_3SW_MC","15_3",3,"SW","395","M","C","Y",20.04,55,"",13.06,"","DALTON",5,"10_15",33.1
"15_3SW_MC","15_3",3,"SW","403","M","C","Y",14.51,49,"",0,"","DALTON",5,"5_10",14.51
"15_3SE_MF","15_3",3,"SW","112","M","F","Y",6.17,NA,"",45.04,"DUP","DALTON",5,"0_5",51.21
"15_3SW_MF","15_3",3,"SW","173","M","F","Y",7.99,NA,"",110.59,"","DALTON",5,"5_10",118.58
"15_3SW_MF","15_3",3,"SW","182","M","F","Y",7.09,NA,"",130.44,"","DALTON",5,"10_15",137.53
"16_2C_O","16_2",2,"C","840","O","","N",7.78,122,"",17.94,"","DALTON",4,"FULL",25.72
"16_2C_MC","16_2",2,"C","798","M","C","N",18.66,NA,"",145.36,"","DALTON",15,"FULL",164.02
"16_2C_MF","16_2",2,"C","791","M","F","N",18.81,NA,"",229.59,"","DALTON",15,"FULL",248.4
"16_2NE_O","16_2",2,"NE","459","O","","N",24.72,88,"",15.13,"","DALTON",2,"FULL",39.85
"16_2NE_MC","16_2",2,"NE","676","M","C","N",17.19,82,"",73.48,"","DALTON",15,"FULL",90.67
"16_2NE_MF","16_2",2,"NE","665","M","F","N",25.99,82,"",294.9,"","DALTON",15,"FULL",320.89
"16_2NW_O","16_2",2,"NW","645","O","","N",13.19,61,"",33.86,"","DALTON",3,"FULL",47.05
"16_2NW_MC","16_2",2,"NW","425","M","C","N",22.54,130,"",28.57,"","DALTON",15,"FULL",51.11
"16_2NW_MF","16_2",2,"NW","25","M","F","N",10.19,NA,"",312.77,"","DALTON",15,"FULL",322.96
"16_2SE_O","16_2",2,"SE","802","O","","N",5.51,154,"",3.12,"","DALTON",5,"FULL",8.63
"16_2SE_MC","16_2",2,"SE","744","M","C","N",15.51,132,"",0,"","DALTON",15,"FULL",15.51
"16_2SE_MF","16_2",2,"SE","72","M","F","N",10.57,NA,"",403.12,"","DALTON",15,"FULL",413.69
"16_2SW_O","16_2",2,"SW","475","O","","N",12.54,103,"",21.86,"","DALTON",2,"FULL",34.4
"16_2SW_MC","16_2",2,"SW","725","M","C","N",17.03,47,"",19.76,"","DALTON",15,"FULL",36.79
"16_2SW_MF","16_2",2,"SW","29","M","F","N",8.92,NA,"",316.8,"","DALTON",15,"FULL",325.72
"17_3C_O","17_3",3,"C","548","O","","N",7.18,NA,"",10.34,"","STEESE",1,"FULL",17.52
"17_3C_MC","17_3",3,"C","727","M","C","N",18.36,108,"",34.66,"","STEESE",15,"FULL",53.02
"17_3C_MF","17_3",3,"C","30","M","F","N",10.11,NA,"",388.35,"","STEESE",15,"FULL",398.46
"17_3NE_O","17_3",3,"NE","889","O","","N",7.45,NA,"",18.79,"","STEESE",3,"FULL",26.24
"17_3NE_MC","17_3",3,"NE","662","M","C","N",21.54,123,"",69.7,"","STEESE",15,"FULL",91.24
"17_3NE_MF","17_3",3,"NE","42","M","F","N",10.9,NA,"",358.11,"","STEESE",15,"FULL",369.01
"17_3NW_O","17_3",3,"NW","842","O","","N",8.57,NA,"2 BAGS WITH THIS",4.6,"","STEESE",5,"FULL",13.17
"17_3NW_MC","17_3",3,"NW","694","M","C","N",18.53,49,"",70.11,"","STEESE",15,"FULL",88.64
"17_3NW_MF","17_3",3,"NW","37","M","F","N",8.8,NA,"",360.14,"","STEESE",15,"FULL",368.94
"17_3SE_O","17_3",3,"SE","522","O","","N",5.73,NA,"",26.81,"","STEESE",5,"FULL",32.54
"17_3SE_MC","17_3",3,"SE","661","M","C","N",23.4,95,"",57.8,"","STEESE",15,"FULL",81.2
"17_3SE_MF","17_3",3,"SE","275","M","F","N",12.65,95,"",349.66,"","STEESE",15,"FULL",362.31
"17_3SW_O","17_3",3,"SW","833","O","","N",6.49,NA,"",17.14,"","STEESE",3,"FULL",23.63
"17_3SW_MC","17_3",3,"SW","635","M","C","N",20.68,125,"",113.69,"","STEESE",15,"FULL",134.37
"17_3SW_MF","17_3",3,"SW","140","M","F","N",13.52,NA,"",319.14,"","STEESE",15,"FULL",332.66
"18_1C_O","18_1",1,"C","883","O","","N",7.07,NA,"",23.74,"","STEESE",7.75,"FULL",30.81
"18_1C_MC","18_1",1,"C","625","M","C","N",19.94,78,"",9.85,"","STEESE",15,"FULL",29.79
"18_1C_MF","18_1",1,"C","219","M","F","N",9.78,78,"",251.92,"","STEESE",15,"FULL",261.7
"18_1NE_O","18_1",1,"NE","464","O","","N",4.87,NA,"",9.06,"","STEESE",10,"FULL",13.93
"18_1NE_MC","18_1",1,"NE","533","M","C","N",20.31,45,"",80.67,"","STEESE",15,"FULL",100.98
"18_1NE_MF","18_1",1,"NE","21","M","F","N",10.9,NA,"",375.22,"","STEESE",15,"FULL",386.12
"18_1NW_O","18_1",1,"NW","685","O","","N",9.47,NA,"",11.61,"","STEESE",10,"FULL",21.08
"18_1NW_MC","18_1",1,"NW","630","M","C","N",17.58,157,"",105.26,"","STEESE",15,"FULL",122.84
"18_1NW_MF","18_1",1,"NW","204","M","F","N",10.1,137,"",224.83,"","STEESE",15,"FULL",234.93
"18_1SE_O","18_1",1,"SE","668","O","","N",10.64,NA,"",16.74,"","STEESE",7,"FULL",27.38
"18_1SE_MC","18_1",1,"SE","679","M","C","N",17.56,77,"",144.06,"","STEESE",15,"FULL",161.62
"18_1SE_MF","18_1",1,"SE","696","M","F","N",0.24,77,"",229.28,"","STEESE",15,"FULL",229.52
"18_1SW_O","18_1",1,"SW","813","O","","N",10.34,NA,"",2.69,"","STEESE",4,"FULL",13.03
"19_2C_O","19_2",2,"C","496","O","","N",6.18,NA,"",15.22,"","STEESE",10,"FULL",21.4
"19_2C_MC","19_2",2,"C","532","M","C","N",17.63,106,"",77.75,"","STEESE",15,"FULL",95.38
"19_2C_MF","19_2",2,"C","189","M","F","N",9.84,NA,"",370.07,"","STEESE",15,"FULL",379.91
"19_2NE_O","19_2",2,"NE","500","O","","N",5.95,NA,"",24.23,"","STEESE",10,"FULL",30.18
"19_2NE_MC","19_2",2,"NE","333","M","C","N",18.04,108,"",81.58,"","STEESE",15,"FULL",99.62
"19_2NE_MF","19_2",2,"NE","147","M","F","N",9.73,NA,"",351.46,"","STEESE",15,"FULL",361.19
"19_2NW_O","19_2",2,"NW","512","O","","N",5.09,NA,"",16.55,"","STEESE",10,"FULL",21.64
"19_2NW_MC","19_2",2,"NW","527","M","C","N",19.73,64,"",144.49,"DUP","STEESE",15,"FULL",164.22
"19_2NW_MC","19_2",2,"NW","545","M","C","N",24.27,64,"",239.77,"DUP","STEESE",15,"FULL",264.04
"19_2SE_O","19_2",2,"SE","540","O","","N",9.52,NA,"",19.79,"","STEESE",10,"FULL",29.31
"19_2SE_MC","19_2",2,"SE","400","M","C","N",21.49,NA,"",29.29,"","STEESE",15,"FULL",50.78
"19_2SE_MF","19_2",2,"SE","16","M","F","N",12.27,NA,"",409.6,"","STEESE",15,"FULL",421.87
"19_2SW_O","19_2",2,"SW","381","O","","N",6.65,NA,"",38.34,"DUP","STEESE",8,"FULL",44.99
"19_2SW_O","19_2",2,"SW","886","O","","N",7.08,NA,"",38.35,"DUP","STEESE",8,"FULL",45.43
"19_2SW_MC","19_2",2,"SW","507","M","C","N",20.04,32,"",116.75,"","STEESE",15,"FULL",136.79
"19_2SW_MF","19_2",2,"SW","45","M","F","N",7.24,32,"",298.63,"","STEESE",15,"FULL",305.87
"2_3C_O","2_3",3,"C","451","O","","N",9.06,NA,"",13.36,"","STEESE",3,"FULL",22.42
"2_3C_MC","2_3",3,"C","407","M","C","N",22.93,70,"",27.87,"","STEESE",15,"FULL",50.8
"2_3C_MF","2_3",3,"C","260","M","F","N",12.96,70,"",413.84,"","STEESE",15,"FULL",426.8
"2_3NE_O","2_3",3,"NE","687","O","","N",12.67,NA,"",25.54,"","STEESE",4,"FULL",38.21
"2_3NE_MC","2_3",3,"NE","600","M","C","N",21.12,52,"",0,"","STEESE",15,"FULL",21.12
"2_3NE_MF","2_3",3,"NE","196","M","F","N",12.28,52,"",255.14,"","STEESE",15,"FULL",267.42
"2_3NW_O","2_3",3,"NW","632","O","","N",10.21,NA,"",25.17,"","STEESE",1,"FULL",35.38
"2_3NW_MC","2_3",3,"NW","794","M","C","N",20.27,46,"",125.53,"","STEESE",15,"FULL",145.8
"2_3NW_MF","2_3",3,"NW","669","M","F","N",26.38,46,"2 OF THESE, DIFF #S",348,"","STEESE",15,"FULL",374.38
"2_3SE_O","2_3",3,"SE","746","O","","N",11.7,NA,"",7.92,"","STEESE",0,"FULL",19.62
"2_3SE_MC","2_3",3,"SE","537","M","C","N",20.4,141,"",118.8,"","STEESE",15,"FULL",139.2
"2_3SE_MF","2_3",3,"SE","205","M","F","N",11.82,141,"",301.95,"","STEESE",15,"FULL",313.77
"2_3SW_O","2_3",3,"SW","478","O","","N",12.99,NA,"",6.42,"","STEESE",0,"FULL",19.41
"2_3SW_MC","2_3",3,"SW","799","M","C","N",19.54,100,"",212.88,"","STEESE",15,"FULL",232.42
"2_3SW_MF","2_3",3,"SW","792","M","F","N",20.71,100,"",200.03,"","STEESE",15,"FULL",220.74
"20_1C_O","20_1",1,"C","658","O","","N",9.83,NA,"",25.31,"","STEESE",13,"FULL",35.14
"20_1C_MC","20_1",1,"C","558","M","C","N",22.55,95,"",72.04,"","STEESE",15,"FULL",94.59
"20_1C_MF","20_1",1,"C","1","M","F","N",2.77,NA,"",342.74,"","STEESE",15,"FULL",345.51
"20_1NE_O","20_1",1,"NE","758","O","","N",7.04,NA,"",22.67,"","STEESE",10,"FULL",29.71
"20_1NE_MC","20_1",1,"NE","690","M","C","N",21.46,41,"",98.88,"","STEESE",15,"FULL",120.34
"20_1NE_MF","20_1",1,"NE","198","M","F","N",11.29,41,"",352.24,"","STEESE",15,"FULL",363.53
"20_1NW_O","20_1",1,"NW","560","O","","N",8.07,NA,"",55.21,"","STEESE",12,"FULL",63.28
"20_1NW_MC","20_1",1,"NW","521","M","C","N",19.14,120,"",153.31,"","STEESE",15,"FULL",172.45
"20_1NW_MF","20_1",1,"NW","200","M","F","N",7.92,120,"",291.41,"","STEESE",15,"FULL",299.33
"20_1SE_O","20_1",1,"SE","516","O","","N",10.55,49,"",81.35,"","STEESE",25,"FULL",91.9
"20_1SE_MC","20_1",1,"SE","390","M","C","N",15.84,37,"",79.67,"","STEESE",15,"FULL",95.51
"20_1SE_MF","20_1",1,"SE","142","M","F","N",11.78,NA,"",277.85,"","STEESE",15,"FULL",289.63
"20_1SW_O","20_1",1,"SW","660","O","","N",10.26,142,"",45.82,"","STEESE",5,"FULL",56.08
"20_1SW_MC","20_1",1,"SW","427","M","C","N",19.23,130,"",114.46,"","STEESE",15,"FULL",133.69
"20_1SW_MF","20_1",1,"SW","65","M","F","N",11.4,NA,"",344.12,"","STEESE",15,"FULL",355.52
"22_3C_O","22_3",3,"C","310","O","","N",6.91,NA,"",13.28,"","STEESE",1,"FULL",20.19
"22_3C_MC","22_3",3,"C","422","M","C","N",20.4,53,"",109.85,"","STEESE",15,"FULL",130.25
"22_3C_MF","22_3",3,"C","26","M","F","N",9.54,53,"",277.28,"","STEESE",15,"FULL",286.82
"22_3NE_O","22_3",3,"NE","480","O","","N",6.96,NA,"",29.07,"","STEESE",10,"FULL",36.03
"22_3NE_MC","22_3",3,"NE","350","M","C","N",23.56,81,"",100,"DUP","STEESE",15,"FULL",123.56
"22_3NE_MF","22_3",3,"NE","143","M","F","N",7.93,81,"",366.96,"","STEESE",15,"FULL",374.89
"22_3NW_O","22_3",3,"NW","466","O","","N",6.09,NA,"",46.63,"","STEESE",9,"FULL",52.72
"22_3NW_MC","22_3",3,"NW","338","M","C","N",24.11,43,"",21.77,"DUP","STEESE",15,"FULL",45.88
"22_3NW_MF","22_3",3,"NW","57","M","F","N",10.91,NA,"",374.1,"","STEESE",15,"FULL",385.01
"22_3SE_O","22_3",3,"SE","659","O","","N",10.37,NA,"",38.05,"","STEESE",3,"FULL",48.42
"22_3SE_MC","22_3",3,"SE","352","M","C","N",25.62,69,"",54.23,"","STEESE",15,"FULL",79.85
"22_3SE_MF","22_3",3,"SE","163","M","F","N",11.95,69,"",380.43,"","STEESE",15,"FULL",392.38
"22_3SW_O","22_3",3,"SW","472","O","","N",12.05,NA,"",13.7,"DUP","STEESE",7,"FULL",25.75
"22_3SW_O","22_3",3,"SW","487","O","","N",4.22,NA,"",13.7,"DUP","STEESE",7,"FULL",17.92
"22_3SW_MC","22_3",3,"SW","404","M","C","N",21.4,94,"",63.83,"","STEESE",15,"FULL",85.23
"22_3SW_MF","22_3",3,"SW","2","M","F","N",0.3,94,"",435,"","STEESE",15,"FULL",435.3
"23_3C_O","23_3",3,"C","549","O","","N",13.02,NA,"",28.1,"","STEESE",4,"FULL",41.12
"23_3C_MC","23_3",3,"C","678","M","C","N",20.93,NA,"",209.72,"","STEESE",15,"FULL",230.65
"23_3C_MF","23_3",3,"C","677","M","F","N",23.6,48,"",206.82,"","STEESE",15,"FULL",230.42
"23_3NE_O","23_3",3,"NE","468","O","","N",10.95,NA,"",23.22,"","STEESE",3,"FULL",34.17
"23_3NE_MC","23_3",3,"NE","939","M","C","N",23.47,44,"",131.07,"","STEESE",15,"FULL",154.54
"23_3NE_MF","23_3",3,"NE","234","M","F","N",11.2,44,"",288.13,"DUP","STEESE",15,"FULL",299.33
"23_3NE_MF","23_3",3,"NE","945","M","F","N",14.58,44,"",0,"DUP","STEESE",15,"FULL",14.58
"23_3NW_O","23_3",3,"NW","469","O","","N",6.1,NA,"",26.82,"","STEESE",5,"FULL",32.92
"23_3NW_MC","23_3",3,"NW","805","M","C","N",20.43,59,"",104.78,"","STEESE",15,"FULL",125.21
"23_3NW_MF","23_3",3,"NW","71","M","F","N",11.75,NA,"",194.38,"","STEESE",15,"FULL",206.13
"23_3SE_O","23_3",3,"SE","697","O","","N",12.64,NA,"",38.32,"","STEESE",5,"FULL",50.96
"23_3SE_MC","23_3",3,"SE","556","M","C","N",16.41,126,"",178.33,"","STEESE",15,"FULL",194.74
"23_3SE_MF","23_3",3,"SE","210","M","F","N",7.89,126,"",95.39,"","STEESE",15,"FULL",103.28
"23_3SW_O","23_3",3,"SW","995","O","","N",12.93,NA,"",23.53,"","STEESE",3,"FULL",36.46
"23_3SW_MC","23_3",3,"SW","672","M","C","N",18.55,NA,"",194.57,"","STEESE",15,"FULL",213.12
"23_3SW_MF","23_3",3,"SW","671","M","F","N",26.3,143,"",233.03,"","STEESE",15,"FULL",259.33
"24_3C_O","24_3",3,"C","315","O","","N",0,NA,"",3.35,"","STEESE",1,"FULL",3.35
"24_3C_MC","24_3",3,"C","583","M","C","N",25.73,92,"",88.45,"","STEESE",15,"FULL",114.18
"24_3C_MF","24_3",3,"C","280","M","F","N",19.68,92,"",346.05,"","STEESE",15,"FULL",365.73
"24_3NE_O","24_3",3,"NE","323","O","","N",5.91,NA,"",17.45,"","STEESE",2,"FULL",23.36
"24_3NE_MC","24_3",3,"NE","576","M","C","N",21.44,102,"",28.75,"","STEESE",15,"FULL",50.19
"24_3NE_MF","24_3",3,"NE","291","M","F","N",15.37,102,"",362.48,"","STEESE",15,"FULL",377.85
"24_3NW_O","24_3",3,"NW","562","O","","N",14.13,NA,"",42.92,"","STEESE",1,"FULL",57.05
"24_3NW_MC","24_3",3,"NW","597","M","C","N",19.53,50,"",105.77,"","STEESE",15,"FULL",125.3
"24_3NW_MF","24_3",3,"NW","288","M","F","N",11.14,50,"",306.31,"","STEESE",15,"FULL",317.45
"24_3SE_O","24_3",3,"SE","384","O","","N",12.43,NA,"",9.7,"DUP","STEESE",1,"FULL",22.13
"24_3SE_O","24_3",3,"SE","655","O","","N",11.44,NA,"",9.7,"DUP","STEESE",1,"FULL",21.14
"24_3SE_MC","24_3",3,"SE","621","M","C","N",22.83,120,"",54.54,"","STEESE",15,"FULL",77.37
"24_3SE_MF","24_3",3,"SE","245","M","F","N",12.23,120,"",369.04,"","STEESE",15,"FULL",381.27
"24_3SW_O","24_3",3,"SW","309","O","","N",2.75,NA,"",25.42,"","STEESE",1,"FULL",28.17
"24_3SW_MC","24_3",3,"SW","615","M","C","N",27.08,139,"",0.04,"","STEESE",15,"FULL",27.12
"24_3SW_MF","24_3",3,"SW","304","M","F","N",11.81,139,"",393.39,"","STEESE",15,"FULL",405.2
"25_3C_O","25_3",3,"C","312","O","","N",3.59,NA,"",39.98,"","STEESE",3,"FULL",43.57
"25_3C_MC","25_3",3,"C","695","M","C","N",19.41,53,"",86.72,"","STEESE",15,"FULL",106.13
"25_3C_MF","25_3",3,"C","23","M","F","N",9.98,NA,"",285.78,"","STEESE",15,"FULL",295.76
"25_3NE_O","25_3",3,"NE","888","O","","N",13.16,NA,"",30.7,"","STEESE",2,"FULL",43.86
"25_3NE_MC","25_3",3,"NE","601","M","C","N",24.97,142,"",16.85,"","STEESE",15,"FULL",41.82
"25_3NE_MF","25_3",3,"NE","290","M","F","N",14.6,142,"",367.17,"","STEESE",15,"FULL",381.77
"25_3NW_O","25_3",3,"NW","856","O","","N",12.75,NA,"",33.37,"","STEESE",2,"FULL",46.12
"25_3NW_MC","25_3",3,"NW","618","M","C","N",19.97,64,"",17.87,"","STEESE",15,"FULL",37.84
"25_3NW_MF","25_3",3,"NW","263","M","F","N",13.74,64,"",366.64,"","STEESE",15,"FULL",380.38
"25_3SE_O","25_3",3,"SE","474","O","","N",10.62,NA,"",20.78,"","STEESE",3,"FULL",31.4
"25_3SE_MC","25_3",3,"SE","673","M","C","N",20.63,56,"",97.15,"","STEESE",15,"FULL",117.78
"25_3SE_MF","25_3",3,"SE","670","M","F","N",26.52,56,"",313.8,"","STEESE",15,"FULL",340.32
"25_3SW_O","25_3",3,"SW","880","O","","N",12.02,NA,"",24.48,"","STEESE",3,"FULL",36.5
"25_3SW_MC","25_3",3,"SW","388","M","C","N",15.86,158,"",99.24,"","STEESE",15,"FULL",115.1
"25_3_SW_MF","25_3",3,"SW","138","M","F","N",12.21,NA,"",329.25,"","STEESE",15,"FULL",341.46
"26_2C_O","26_2",2,"C","470","O","","N",4.21,NA,"",14.06,"","STEESE",12,"FULL",18.27
"26_2C_MC","26_2",2,"C","588","M","C","N",20.08,72,"",128.11,"","STEESE",15,"FULL",148.19
"26_2C_MF","26_2",2,"C","206","M","F","N",9.96,72,"",267.98,"","STEESE",15,"FULL",277.94
"26_2NE_O","26_2",2,"NE","541","O","","N",4.16,NA,"",13,"","STEESE",12,"FULL",17.16
"26_2NE_MC","26_2",2,"NE","624","M","C","N",18.08,127,"",66.71,"","STEESE",15,"FULL",84.79
"26_2NE_MF","26_2",2,"NE","209","M","F","N",9.27,127,"",266.72,"","STEESE",15,"FULL",275.99
"26_2NW_O","26_2",2,"NW","879","O","","N",4.95,NA,"",18.39,"","STEESE",16,"FULL",23.34
"26_2NW_MC","26_2",2,"NW","334","M","C","N",20.27,124,"",114.93,"","STEESE",15,"FULL",135.2
"26_2NW_MF","26_2",2,"NW","169","M","F","N",7.57,124,"",347.23,"","STEESE",15,"FULL",354.8
"26_2SE_O","26_2",2,"SE","868","O","","N",6.44,NA,"",19.68,"","STEESE",15,"FULL",26.12
"26_2SE_MC","26_2",2,"SE","710","M","C","N",19.39,140,"",215.23,"","STEESE",15,"FULL",234.62
"26_2SE_MF","26_2",2,"SE","716","M","F","N",24.45,140,"",192.01,"","STEESE",15,"FULL",216.46
"26_2SW_O","26_2",2,"SW","861","O","","N",6.67,NA,"",18.08,"","STEESE",10,"FULL",24.75
"26_2SW_MC","26_2",2,"SW","634","M","C","N",19.44,119,"",89.88,"","STEESE",15,"FULL",109.32
"26_2SW_MF","26_2",2,"SW","203","M","F","N",9.55,119,"",295.13,"","STEESE",15,"FULL",304.68
"27_2C_O","27_2",2,"C","828","O","","N",5.67,NA,"",12.45,"","STEESE",9,"FULL",18.12
"27_2C_MC","27_2",2,"C","647","M","C","N",22.65,145,"",133.49,"","STEESE",15,"FULL",156.14
"27_2C_MF","27_2",2,"C","254","M","F","N",9.65,145,"",167.97,"","STEESE",15,"FULL",177.62
"27_2NE_O","27_2",2,"NE","538","O","","N",9.24,NA,"",50.54,"","STEESE",13,"FULL",59.78
"27_2NE_MC","27_2",2,"NE","546","M","C","N",22.69,123,"",137.78,"","STEESE",15,"FULL",160.47
"27_2NE_MF","27_2",2,"NE","67","M","F","N",10.61,NA,"",270.22,"","STEESE",15,"FULL",280.83
"27_2NW_O","27_2",2,"NW","572","O","","N",6.74,NA,"",38.33,"","STEESE",7,"FULL",45.07
"27_2NW_MC","27_2",2,"NW","528","M","C","N",16.82,NA,"",199.32,"","STEESE",15,"FULL",216.14
"27_2NW_MF","27_2",2,"NW","241","M","F","N",10.55,NA,"",225.51,"","STEESE",15,"FULL",236.06
"27_2SE_O","27_2",2,"SE","832","O","","N",6.79,NA,"",23.33,"","STEESE",9,"FULL",30.12
"27_2SE_MC","27_2",2,"SE","651","M","C","N",20.35,NA,"",106.58,"","STEESE",15,"FULL",126.93
"27_2SE_MF","27_2",2,"SE","201","M","F","N",9.79,NA,"",312.35,"","STEESE",15,"FULL",322.14
"27_2SW_O","27_2",2,"SW","853","O","","N",5.8,67,"",10.77,"","STEESE",10,"FULL",16.57
"27_2SW_MC","27_2",2,"SW","581","M","C","N",20.82,92,"",65.51,"","STEESE",15,"FULL",86.33
"27_2SW_MF","27_2",2,"SW","208","M","F","N",11.2,92,"",347.65,"","STEESE",15,"FULL",358.85
"28_1C_O","28_1",1,"C","869","O","","N",9.02,200,"",22.32,"","STEESE",10,"FULL",31.34
"28_1C_MC","28_1",1,"C","599","M","C","N",21.39,122,"",206.86,"","STEESE",15,"FULL",228.25
"28_1C_MF","28_1",1,"C","253","M","F","N",8.27,122,"",242.75,"","STEESE",15,"FULL",251.02
"28_1NE_O","28_1",1,"NE","745","O","","N",6.94,137,"",12.11,"","STEESE",12,"FULL",19.05
"28_1NE_MC","28_1",1,"NE","894","M","C","N",17.54,152,"",378.47,"","STEESE",15,"FULL",396.01
"28_1NE_MF","28_1",1,"NE","893","M","F","N",20.37,152,"",69.77,"","STEESE",15,"FULL",90.14
"28_1NW_O","28_1",1,"NW","811","O","","N",8.54,69,"",34.02,"","STEESE",11,"FULL",42.56
"28_1NW_MC","28_1",1,"NW","396","M","C","N",22.44,139,"",57.13,"","STEESE",15,"FULL",79.57
"28_1NW_MF","28_1",1,"NW","60","M","F","N",11.6,NA,"",416.28,"","STEESE",15,"FULL",427.88
"28_1SE_O","28_1",1,"SE","646","O","","N",10.32,NA,"",16.58,"","STEESE",10,"FULL",26.9
"28_1SE_MC","28_1",1,"SE","428","M","C","N",19.03,104,"",166.31,"","STEESE",15,"FULL",185.34
"28_1SE_MF","28_1",1,"SE","22","M","F","N",12.37,NA,"",306.93,"","STEESE",15,"FULL",319.3
"28_1SW_O","28_1",1,"SW","492","O","","N",7.26,125,"",8.61,"","STEESE",12,"FULL",15.87
"28_1SW_MC","28_1",1,"SW","724","M","C","N",19.66,148,"",60.55,"","STEESE",15,"FULL",80.21
"28_1SW_MF","28_1",1,"SW","185","M","F","N",10.99,NA,"",234.84,"","STEESE",15,"FULL",245.83
"29_1C_O","29_1",1,"C","862","O","","N",5.16,NA,"",7.22,"","STEESE",10,"FULL",12.38
"29_1C_MC","29_1",1,"C","850","M","C","N",12.32,82,"",109.52,"","STEESE",15,"FULL",121.84
"29_1C_MF","29_1",1,"C","849","M","F","N",15.79,82,"",150.45,"","STEESE",15,"FULL",166.24
"29_1NE_O","29_1",1,"NE","485","O","","N",7.46,NA,"",13.16,"","STEESE",15,"FULL",20.62
"29_1NE_MC","29_1",1,"NE","623","M","C","N",21.84,51,"",103.66,"","STEESE",15,"FULL",125.5
"29_1NE_MF","29_1",1,"NE","207","M","F","N",10.04,51,"",333.83,"","STEESE",15,"FULL",343.87
"29_1NW_O","29_1",1,"NW","639","O","","N",6.31,NA,"",8.18,"","STEESE",10,"FULL",14.49
"29_1NW_MC","29_1",1,"NW","729","M","C","N",21.82,91,"",16.08,"","STEESE",15,"FULL",37.9
"29_1NW_MF","29_1",1,"NW","216","M","F","N",7.14,91,"",414.45,"","STEESE",15,"FULL",421.59
"29_1SE_O","29_1",1,"SE","503","O","","N",7.74,NA,"",35.44,"","STEESE",10,"FULL",43.18
"29_1SE_MC","29_1",1,"SE","693","M","C","N",25.04,99,"",70.74,"","STEESE",15,"FULL",95.78
"29_1SE_MF","29_1",1,"SE","126","M","F","N",11.67,99,"",397.03,"","STEESE",15,"FULL",408.7
"29_1SW_O","29_1",1,"SW","742","O","","N",4.75,NA,"",5.89,"","STEESE",10,"FULL",10.64
"29_1SW_MC","29_1",1,"SW","531","M","C","N",20.1,42,"",65.55,"","STEESE",15,"FULL",85.65
"29_1SW_MF","29_1",1,"SW","701","M","F","N",22.7,42,"",397.95,"","STEESE",15,"FULL",420.65
"3_2C_O","3_2",2,"C","484","O","","N",3.94,NA,"",17.33,"","STEESE",10,"FULL",21.27
"3_2C_MC","3_2",2,"C","429","M","C","N",18.16,NA,"",271.98,"","STEESE",15,"FULL",290.14
"3_2C_MF","3_2",2,"C","264","M","F","N",6.98,NA,"",197.82,"","STEESE",15,"FULL",204.8
"3_2NE_O","3_2",2,"NE","568","O","","N",4.57,56,"",13.99,"","STEESE",15,"FULL",18.56
"3_2NE_MC","3_2",2,"NE","595","M","C","N",21.25,130,"",74.12,"","STEESE",15,"FULL",95.37
"3_2NE_MF","3_2",2,"NE","197","M","F","N",10.1,130,"",310.78,"","STEESE",15,"FULL",320.88
"3_2NW_O","3_2",2,"NW","502","O","","N",8.62,NA,"",28.55,"","STEESE",8,"FULL",37.17
"3_2NW_MC","3_2",2,"NW","579","M","C","N",20.94,NA,"",160.25,"","STEESE",15,"FULL",181.19
"3_2NW_MF","3_2",2,"NW","252","M","F","N",10.65,NA,"",284.3,"","STEESE",15,"FULL",294.95
"3_2SE_O","3_2",2,"SE","657","O","","N",6.36,NA,"",28.95,"","STEESE",12,"FULL",35.31
"3_2SE_MC","3_2",2,"SE","504","M","C","N",18.44,94,"",73.75,"","STEESE",15,"FULL",92.19
"3_2SE_MF","3_2",2,"SE","188","M","F","N",11.82,NA,"",354.78,"","STEESE",15,"FULL",366.6
"3_2SW_O","3_2",2,"SW","514","O","","N",6.46,NA,"",31.55,"","STEESE",10,"FULL",38.01
"3_2SW_MC","3_2",2,"SW","603","M","C","N",22.95,63,"",193.66,"","STEESE",15,"FULL",216.61
"3_2SW_MF","3_2",2,"SW","242","M","F","N",8.86,63,"",200.83,"","STEESE",15,"FULL",209.69
"31_0C_O","31_0",0,"C","960","O","","N",11.76,NA,"",57.24,"","STEESE",15,"FULL",69
"31_0C_MC","31_0",0,"C","975","M","C","N",14.85,NA,"",79.31,"","STEESE",15,"FULL",94.16
"31_0C_MF","31_0",0,"C","976","M","F","N",19.37,NA,"",28.91,"","STEESE",15,"FULL",48.28
"31_0NE_O","31_0",0,"NE","957","O","","N",4.06,NA,"",10.82,"","STEESE",22,"FULL",14.88
"31_0NW_O","31_0",0,"NW","993","O","","N",8.49,NA,"",69.15,"","STEESE",21,"FULL",77.64
"31_0NW_MC","31_0",0,"NW","987","M","C","N",13.67,NA,"",128.89,"","STEESE",15,"FULL",142.56
"31_0NW_MF","31_0",0,"NW","985","M","F","N",20.88,NA,"",61.83,"","STEESE",15,"FULL",82.71
"31_0SE_O","31_0",0,"SE","955","O","","N",7.5,NA,"",33.43,"","STEESE",9,"FULL",40.93
"31_0SW_O","31_0",0,"SW","990","O","","N",7.98,NA,"",118.21,"","STEESE",26,"FULL",126.19
"31_0SW_MC","31_0",0,"SW","972","M","C","N",37.25,NA,"",108.45,"","STEESE",15,"FULL",145.7
"31_0SW_MF","31_0",0,"SW","989","M","F","N",6.52,NA,"",7.24,"","STEESE",15,"FULL",13.76
"32_2C_O","32_2",2,"C","814","O","","Y",12.61,97,"",4.01,"","DALTON",1,"FULL",16.62
"32_2C_MC","32_2",2,"C","339","M","C","Y",12.79,88,"",0,"","DALTON",5,"0_5",12.79
"32_2C_MC","32_2",2,"C","367","M","C","Y",27.5,87,"",16.64,"","DALTON",5,"10_15",44.14
"32_2C_MC","32_2",2,"C","369","M","C","Y",20.47,78,"",28.56,"","DALTON",5,"5_10",49.03
"32_2C_MF","32_2",2,"C","111","M","F","Y",10.37,NA,"",75.94,"","DALTON",5,"5_10",86.31
"32_2C_MF","32_2",2,"C","114","M","F","Y",13.57,87,"",86.16,"","DALTON",5,"10_15",99.73
"32_2C_MF","32_2",2,"C","80","M","F","Y",8.13,NA,"",41.07,"","DALTON",5,"0_5",49.2
"32_2NE_O","32_2",2,"NE","780","O","","Y",4.04,64,"",6.07,"","DALTON",2.1,"FULL",10.11
"32_2NE_MC","32_2",2,"NE","368","M","C","Y",11.03,86,"",0,"","DALTON",5,"0_5",11.03
"32_2NE_MC","32_2",2,"NE","370","M","C","Y",22.75,85,"",14.75,"","DALTON",5,"5_10",37.5
"32_2NE_MF","32_2",2,"NE","115","M","F","Y",7.84,NA,"",45.97,"","DALTON",5,"0_5",53.81
"32_3NE_MF","32_2",2,"NE","116","M","F","Y",10.59,NA,"",49.91,"","DALTON",5,"5_10",60.5
"32_2NW_O","32_2",2,"NW","786","O","","Y",9.02,71,"",0,"","DALTON",2,"FULL",9.02
"32_2NW_MC","32_2",2,"NW","337","M","C","Y",20.19,57,"",0,"","DALTON",5,"0_5",20.19
"32_2NW_MC","32_2",2,"NW","346","M","C","Y",11.07,61,"",0,"","DALTON",5,"5_10",11.07
"32_2NW_MC","32_2",2,"NW","358","M","C","Y",22.71,59,"",10.65,"","DALTON",5,"10_15",33.36
"32_2NW_MF","32_2",2,"NW","82","M","F","Y",10.71,NA,"",112.09,"","DALTON",5,"10_15",122.8
"32_2NW_MF","32_2",2,"NW","83","M","F","Y",11.04,NA,"",76.54,"","DALTON",5,"0_5",87.58
"32_2NW_MF","32_2",2,"NW","85","M","F","Y",10.71,NA,"",67.49,"","DALTON",5,"5_10",78.2
"32_2SE_O","32_2",2,"SE","325","O","","Y",2.96,91,"",3.43,"","DALTON",2,"FULL",6.39
"32_2SE_MC","32_2",2,"SE","336","M","C","Y",22.08,68,"",9.56,"","DALTON",5,"10_15",31.64
"32_2SE_MC","32_2",2,"SE","360","M","C","Y",11.07,89,"",0,"","DALTON",5,"0_5",11.07
"32_2SE_MC","32_2",2,"SE","371","M","C","Y",23.86,56,"",0,"","DALTON",5,"5_10",23.86
"32_2SE_MF","32_2",2,"SE","107","M","F","Y",11.12,NA,"",55.82,"","DALTON",5,"5_10",66.94
"32_2SE_MF","32_2",2,"SE","109","M","F","Y",13.38,NA,"",128.55,"","DALTON",5,"10_15",141.93
"32_2SE_MF","32_2",2,"SE","77","M","F","Y",4.91,NA,"",33.08,"","DALTON",5,"0_5",37.99
"32_2SW_O","32_2",2,"SW","NO_SAMPLE","O","","Y",NA,NA,"No Sample",0,"","DALTON",1,"FULL",NA
"32_2SW_MC","32_2",2,"SW","317","M","C","Y",11.44,78,"",0,"","DALTON",5,"0_5",11.44
"32_2SW_MC","32_2",2,"SW","362","M","C","Y",24.26,63,"",0,"","DALTON",5,"5_10",24.26
"32_2SW_MC","32_2",2,"SW","524","M","C","Y",21.52,77,"",22.24,"","DALTON",5,"10_15",43.76
"32_2SW_MF","32_2",2,"SW","106","M","F","Y",15.54,NA,"",96.87,"","DALTON",5,"5_10",112.41
"32_2SW_MF","32_2",2,"SW","110","M","F","Y",13.06,NA,"",98.65,"","DALTON",5,"10_15",111.71
"32_2SW_MF","32_2",2,"SW","84","M","F","Y",8.62,NA,"",50.81,"","DALTON",5,"0_5",59.43
"33_1C_O","33_1",1,"C","481","O","","N",11.69,NA,"",20.55,"","STEESE",10,"FULL",32.24
"33_1C_MC","33_1",1,"C","520","M","C","N",20.04,34,"",43.46,"","STEESE",15,"FULL",63.5
"33_1C_MF","33_1",1,"C","199","M","F","N",9.61,54,"",400.09,"","STEESE",15,"FULL",409.7
"33_1NE_O","33_1",1,"NE","566","O","","N",4.83,NA,"",11.31,"","STEESE",10,"FULL",16.14
"33_1NE_MC","33_1",1,"NE","721","M","C","N",40.64,76,"",65.27,"","STEESE",15,"FULL",105.91
"33_1NE_MF","33_1",1,"NE","244","M","F","N",11.48,76,"",373.29,"","STEESE",15,"FULL",384.77
"33_1NW_O","33_1",1,"NW","675","O","","N",7.2,NA,"",18.93,"","STEESE",4,"FULL",26.13
"33_1NW_MC","33_1",1,"NW","574","M","C","N",22.61,97,"",71.22,"","STEESE",15,"FULL",93.83
"33_1NW_MF","33_1",1,"NW","190","M","F","N",8.21,NA,"",326.76,"","STEESE",15,"FULL",334.97
"33_1SE_O","33_1",1,"SE","882","O","","N",6.02,NA,"",21.37,"","STEESE",10,"FULL",27.39
"33_1SE_MC","33_1",1,"SE","544","M","C","N",23.32,129,"",60.13,"","STEESE",15,"FULL",83.45
"33_1SE_MF","33_1",1,"SE","226","M","F","N",10.02,129,"",374.61,"","STEESE",15,"FULL",384.63
"33_1SW_O","33_1",1,"SW","778","O","","N",5.1,NA,"",18.14,"","STEESE",8.5,"FULL",23.24
"33_1SW_MC","33_1",1,"SW","713","M","C","N",23.33,47,"",84.04,"","STEESE",15,"FULL",107.37
"33_1SW_MF","33_1",1,"SW","119","M","F","N",10.93,NA,"",339.46,"","STEESE",15,"FULL",350.39
"34_2C_O","34_2",2,"C","465","O","","N",6.49,NA,"",20.56,"","STEESE",3,"FULL",27.05
"34_2C_MC","34_2",2,"C","616","M","C","N",7.12,122,"",0,"","STEESE",15,"FULL",7.12
"34_2C_MF","34_2",2,"C","282","M","F","N",11.55,122,"",419.44,"","STEESE",15,"FULL",430.99
"34_2NE_O","34_2",2,"NE","482","O","","N",8.91,NA,"",14.94,"","STEESE",3,"FULL",23.85
"34_2NE_MF","34_2",2,"NE","299","M","F","N",10.32,85,"",249.71,"","STEESE",15,"FULL",260.03
"34_2NW_O","34_2",2,"NW","752","O","","N",12.1,NA,"",38.11,"","STEESE",2,"FULL",50.21
"34_2NW_MC","34_2",2,"NW","728","M","C","N",21.8,107,"",100.45,"","STEESE",15,"FULL",122.25
"34_2NW_MF","34_2",2,"NW","717","M","F","N",20.21,67,"",200.88,"","STEESE",15,"FULL",221.09
"34_2SE_O","34_2",2,"SE","890","O","","N",9.1,NA,"",11.97,"","STEESE",2,"FULL",21.07
"34_2SE_MC","34_2",2,"SE","753","M","C","N",20.76,156,"",65.62,"","STEESE",15,"FULL",86.38
"34_2SE_MF","34_2",2,"SE","36","M","F","N",11.71,NA,"",376.81,"","STEESE",15,"FULL",388.52
"34_2SW_O","34_2",2,"SW","518","O","","N",7.01,NA,"",29.15,"","STEESE",3,"FULL",36.16
"34_2SW_MC","34_2",2,"SW","529","M","C","N",20.85,60,"",38.43,"","STEESE",15,"FULL",59.28
"34_2SW_MF","34_2",2,"SW","59","M","F","N",14,60,"",385.74,"","STEESE",15,"FULL",399.74
"35_3C_O","35_3",3,"C","543","O","","N",7.96,NA,"",13.84,"","STEESE",1,"FULL",21.8
"35_3C_MC","35_3",3,"C","351","M","C","N",24.2,37,"",69.37,"","STEESE",15,"FULL",93.57
"35_3C_MF","35_3",3,"C","27","M","F","N",10.04,NA,"",343.12,"","STEESE",15,"FULL",353.16
"35_3NE_O","35_3",3,"NE","885","O","","N",11.92,NA,"",22.29,"","STEESE",0,"FULL",34.21
"35_3NE_MC","35_3",3,"NE","622","M","C","N",25.8,137,"",87.69,"","STEESE",15,"FULL",113.49
"35_3NE_MF","35_3",3,"NE","292","M","F","N",13.44,137,"",333.25,"","STEESE",15,"FULL",346.69
"35_3NW_O","35_3",3,"NW","313","O","","N",10.49,NA,"",6.86,"","STEESE",3,"FULL",17.35
"35_3NW_MC","35_3",3,"NW","610","M","C","N",22.72,41,"",150.29,"","STEESE",15,"FULL",173.01
"35_3NW_MF","35_3",3,"NW","303","M","F","N",13.65,41,"",256.51,"","STEESE",15,"FULL",270.16
"35_3SE_O","35_3",3,"SE","460","O","","N",12.19,NA,"",30.31,"","STEESE",2,"FULL",42.5
"35_3SE_MC","35_3",3,"SE","582","M","C","N",23.9,133,"",83.04,"","STEESE",15,"FULL",106.94
"35_3SE_MF","35_3",3,"SE","247","M","F","N",8.88,133,"",330.16,"DUP","STEESE",15,"FULL",339.04
"35_3SE_MF","35_3",3,"SE","250","M","F","N",8.84,133,"",330.16,"DUP","STEESE",15,"FULL",339
"35_3SW_O","35_3",3,"SW","316","O","","N",19.12,NA,"",26.87,"","STEESE",3,"FULL",45.99
"35_3SW_MC","35_3",3,"SW","692","M","C","N",22.46,200,"",86.56,"","STEESE",15,"FULL",109.02
"35_3SW_MF","35_3",3,"SW","214","M","F","N",11.11,200,"",320.71,"","STEESE",15,"FULL",331.82
"36_1C_O","36_1",1,"C","674","O","","N",8.71,NA,"",20.92,"","STEESE",9,"FULL",29.63
"36_1C_MC","36_1",1,"C","801","M","C","N",18.93,155,"",86.16,"","STEESE",15,"FULL",105.09
"36_1C_MF","36_1",1,"C","70","M","F","N",13.87,NA,"",381.75,"","STEESE",15,"FULL",395.62
"36_1NE_O","36_1",1,"NE","819","O","","N",9.77,NA,"",62.09,"","STEESE",12,"FULL",71.86
"36_1NE_MC","36_1",1,"NE","826","M","C","N",17.16,161,"",259.3,"","STEESE",15,"FULL",276.46
"36_1NE_MF","36_1",1,"NE","825","M","F","N",21.63,161,"",184.97,"","STEESE",15,"FULL",206.6
"36_1NW_O","36_1",1,"NW","688","O","","N",4.78,NA,"",19.03,"","STEESE",13,"FULL",23.81
"36_1NW_MC","36_1",1,"NW","602","M","C","N",22.64,121,"",121.89,"","STEESE",15,"FULL",144.53
"36_1NW_MF","36_1",1,"NW","44","M","F","N",9.63,NA,"",282.53,"","STEESE",15,"FULL",292.16
"36_1SE_O","36_1",1,"SE","511","O","","N",3.67,NA,"",17.65,"","STEESE",14,"FULL",21.32
"36_1SE_MC","36_1",1,"SE","732","M","C","N",25.34,90,"",110.71,"","STEESE",15,"FULL",136.05
"36_1SE_MF","36_1",1,"SE","230","M","F","N",9.3,90,"",337.95,"","STEESE",15,"FULL",347.25
"36_1SW_O","36_1",1,"SW","569","O","","N",6.27,NA,"",26.86,"","STEESE",15,"FULL",33.13
"36_1SW_MC","36_1",1,"SW","708","M","C","N",22.15,88,"",181.24,"","STEESE",15,"FULL",203.39
"36_1SW_MF","36_1",1,"SW","704","M","F","N",22.33,88,"",138.89,"","STEESE",15,"FULL",161.22
"37_3C_O","37_3",3,"C","329","O","","Y",6.56,81,"",1.79,"","DALTON",4,"FULL",8.35
"37_3C_MC","37_3",3,"C","401","M","C","Y",4.37,75,"",0,"","DALTON",5,"0_5",4.37
"37_3C_MC","37_3",3,"C","420","M","C","Y",2.81,76,"",0,"","DALTON",5,"5_10",2.81
"37_3C_MC","37_3",3,"C","910","M","C","Y",0.6,22,"",0,"","DALTON",5,"10_15",0.6
"37_3C_MF","37_3",3,"C","136","M","F","Y",11.2,NA,"",109.21,"","DALTON",5,"5_10",120.41
"37_3C_MF","37_3",3,"C","156","M","F","Y",8.64,NA,"",138.57,"","DALTON",5,"0_5",147.21
"37_3C_MF","37_3",3,"C","178","M","F","Y",6.94,NA,"",99.51,"","DALTON",5,"10_15",106.45
"37_3NE_O","37_3",3,"NE","328","O","","Y",7.94,62,"",12.91,"","DALTON",1.5,"FULL",20.85
"37_3NE_MC","37_3",3,"NE","416","M","C","Y",1.05,113,"",0,"","DALTON",5,"10_15",1.05
"37_3NE_MC","37_3",3,"NE","437","M","C","Y",0.51,74,"",0,"","DALTON",5,"0_5",0.51
"37_3NE_MC","37_3",3,"NE","900","M","C","Y",0,103,"",0,"","DALTON",5,"5_10",0
"37_3_NE_MF","37_3",3,"NE","131","M","F","Y",8.96,NA,"",109.41,"","DALTON",5,"0_5",118.37
"37_3NE_MF","37_3",3,"NE","184","M","F","Y",11.05,NA,"",80.59,"","DALTON",5,"10_15",91.64
"37_3NE_MF","37_3",3,"NE","63","M","F","Y",9.88,NA,"",146.45,"","DALTON",5,"5_10",156.33
"37_3NW_O","37_3",3,"NW","841","O","","Y",7.53,100,"",10.01,"","DALTON",2.5,"FULL",17.54
"37_3NW_MC","37_3",3,"NW","335","M","C","Y",0.63,54,"",0,"","DALTON",5,"10_15",0.63
"37_3NW_MC","37_3",3,"NW","439","M","C","Y",0.99,14,"",0,"","DALTON",5,"0_5",0.99
"37_3NW_MC","37_3",3,"NW","901","M","C","Y",0.93,21,"REPLACEMENT BAG",0,"","DALTON",5,"5_10",0.93
"37_3NW_MF","37_3",3,"NW","102","M","F","Y",9.12,NA,"",115.04,"","DALTON",5,"10_15",124.16
"37_3NW_MF","37_3",3,"NW","108","M","F","Y",9.2,NA,"",100.39,"","DALTON",5,"0_5",109.59
"37_3NW_MF","37_3",3,"NW","135","M","F","Y",10.17,NA,"",126.76,"","DALTON",5,"5_10",136.93
"37_3SE_O","37_3",3,"SE","389","O","","Y",6.43,20,"",7.27,"","DALTON",2.5,"FULL",13.7
"37_3SE_MC","37_3",3,"SE","438","M","C","Y",0.09,2,"",0,"","DALTON",5,"0_5",0.09
"37_3SE_MC","37_3",3,"SE","897","M","C","Y",0.52,53,"",0,"","DALTON",5,"5_10",0.52
"37_3_SE_MF","37_3",3,"SE","133","M","F","Y",12.32,NA,"not enough coarse",108.53,"","DALTON",5,"10_15",120.85
"37_3SE_MF","37_3",3,"SE","103","M","F","Y",9.5,NA,"",109.68,"DUP","DALTON",5,"0_5",119.18
"37_3SE_MF","37_3",3,"SE","137","M","F","Y",11.37,NA,"",106.32,"DUP","DALTON",5,"0_5",117.69
"37_3SW_O","37_3",3,"SW","327","O","","Y",9.59,13,"",19.69,"","DALTON",2,"FULL",29.28
"37_3SW_MC","37_3",3,"SW","321","M","C","Y",3.42,1,"",0,"","DALTON",5,"10_15",3.42
"37_3SW_MC","37_3",3,"SW","448","M","C","Y",1.19,51,"",0,"","DALTON",5,"0_5",1.19
"37_3SW_MF","37_3",3,"SW","100","M","F","Y",10.45,NA,"NO COARSE",103.35,"","DALTON",5,"5_10",113.8
"37_3SW_MF","37_3",3,"SW","117","M","F","Y",7.65,NA,"",97.12,"","DALTON",5,"0_5",104.77
"37_3SW_MF","37_3",3,"SW","130","M","F","Y",10.38,NA,"",133.58,"","DALTON",5,"10_15",143.96
"39_2C_O","39_2",2,"C","835","O","","N",7.5,99,"21-Jun",14.43,"DUP","DALTON",8,"FULL",21.93
"39_2C_O","39_2",2,"C","846","O","","N",8.34,79,"REDONE_DROP",20.35,"DUP","DALTON",8,"FULL",28.69
"39_2C_MC","39_2",2,"C","876","M","C","N",0.16,24,"21-Jun",0,"","DALTON",15,"FULL",0.16
"39_2C_MF","39_2",2,"C","297","M","F","N",11.63,24,"21-Jun",394.65,"","DALTON",15,"FULL",406.28
"39_2NE_O","39_2",2,"NE","326","O","","N",2.19,94,"REDONE_DROP",25.32,"DUP","DALTON",8,"FULL",27.51
"39_2NE_O","39_2",2,"NE","654","O","","N",6.43,107,"21-Jun",20.84,"DUP","DALTON",8,"FULL",27.27
"39_2NE_MC","39_2",2,"NE","705","M","C","N",17.79,3,"",65.06,"","DALTON",15,"FULL",82.85
"39_2NE_MF","39_2",2,"NE","703","M","F","N",25.09,3,"",212.38,"","DALTON",15,"FULL",237.47
"39_2NW_O","39_2",2,"NW","683","O","","N",8.43,40,"21-Jun",13.16,"DUP","DALTON",7.5,"FULL",21.59
"39_2NW_O","39_2",2,"NW","809","O","","N",6.08,93,"REDONE_DROP",20.43,"DUP","DALTON",7.5,"FULL",26.51
"39_2SE_O","39_2",2,"SE","684","O","","N",10.93,166,"21-Jun",19.84,"DUP","DALTON",7,"FULL",30.77
"39_2SE_O","39_2",2,"SE","779","O","","N",2.95,106,"REDONE_DROP",16.36,"DUP","DALTON",7,"FULL",19.31
"39_2SE_MF","39_2",2,"SE","308","M","F","N",13.77,23,"",414.96,"","DALTON",15,"FULL",428.73
"39_2SW_O","39_2",2,"SW","775","O","","N",4.89,95,"REDONE_DROP",11.4,"DUP","DALTON",6,"FULL",16.29
"39_2SW_O","39_2",2,"SW","777","O","","N",5.21,71,"21-Jun",19.57,"DUP","DALTON",6,"FULL",24.78
"39_2SW_MC","39_2",2,"SW","845","M","C","N",14.12,86,"21-Jun",42.95,"","DALTON",15,"FULL",57.07
"39_2SW_MF","39_2",2,"SW","844","M","F","N",15.07,86,"21-Jun",226.66,"","DALTON",15,"FULL",241.73
"4_2C_O","4_2",2,"C","715","O","","N",8.03,NA,"",6.39,"","STEESE",9,"FULL",14.42
"4_2NE_O","4_2",2,"NE","509","O","","N",3.43,NA,"",18.43,"","STEESE",16,"FULL",21.86
"4_2NE_MC","4_2",2,"NE","397","M","C","N",16.65,150,"",73.46,"","STEESE",15,"FULL",90.11
"4_2NE_MF","4_2",2,"NE","35","M","F","N",5.89,150,"",256.19,"","STEESE",15,"FULL",262.08
"4_2NW_O","4_2",2,"NW","565","O","","N",2.8,NA,"",29.24,"","STEESE",15,"FULL",32.04
"4_2NW_MC","4_2",2,"NW","587","M","C","N",24.1,58,"",107.58,"","STEESE",15,"FULL",131.68
"4_2NW_MF","4_2",2,"NW","202","M","F","N",7.92,58,"",283.88,"","STEESE",15,"FULL",291.8
"4_2SE_O","4_2",2,"SE","711","O","","N",9.96,55,"",46.7,"","STEESE",13,"FULL",56.66
"4_2SE_MC","4_2",2,"SE","593","M","C","N",19.48,149,"",47.88,"","STEESE",15,"FULL",67.36
"4_2SE_MF","4_2",2,"SE","38","M","F","N",8.53,149,"",256.39,"","STEESE",15,"FULL",264.92
"4_2SW_O","4_2",2,"SW","510","O","","N",4.96,53,"",28.66,"","STEESE",12,"FULL",33.62
"4_2SW_MC","4_2",2,"SW","391","M","C","N",20.18,84,"",68.79,"","STEESE",15,"FULL",88.97
"4_2_SW_MF","4_2",2,"SW","139","M","F","N",12.39,84,"",361.46,"","STEESE",15,"FULL",373.85
"40_2C_O","40_2",2,"C","719","O","","N",4.6,52,"",0,"","DALTON",2,"FULL",4.6
"40_2C_MC","40_2",2,"C","578","M","C","N",20.74,153,"",96.65,"","DALTON",15,"FULL",117.39
"40_2C_MF","40_2",2,"C","301","M","F","N",11.44,153,"",253.2,"","DALTON",15,"FULL",264.64
"40_2NE_O","40_2",2,"NE","525","O","","N",10.98,151,"",27.53,"","DALTON",1,"FULL",38.51
"40_2NE_MC","40_2",2,"NE","553","M","C","N",18.29,105,"",110.85,"","DALTON",15,"FULL",129.14
"40_2NE_MF","40_2",2,"NE","294","M","F","N",11.86,105,"",153.93,"","DALTON",15,"FULL",165.79
"40_2NW_O","40_2",2,"NW","462","O","","N",10.17,69,"",24.91,"","DALTON",2,"FULL",35.08
"40_2NW_MC","40_2",2,"NW","364","M","C","N",16.68,36,"",102.6,"","DALTON",15,"FULL",119.28
"40_2NW_MF","40_2",2,"NW","213","M","F","N",6.2,36,"",200.06,"","DALTON",15,"FULL",206.26
"40_2SE_O","40_2",2,"SE","542","O","","N",8.52,125,"",12.85,"","DALTON",1,"FULL",21.37
"40_2SE_MC","40_2",2,"SE","681","M","C","N",21.2,129,"",132.11,"","DALTON",15,"FULL",153.31
"40_2SE_MF","40_2",2,"SE","682","M","F","N",21.29,129,"",229.36,"","DALTON",15,"FULL",250.65
"40_2SW_O","40_2",2,"SW","547","O","","N",9.89,96,"",19.35,"","DALTON",4,"FULL",29.24
"40_2SW_MC","40_2",2,"SW","925","M","C","N",21.05,149,"",139.84,"","DALTON",15,"FULL",160.89
"40_2SW_MF","40_2",2,"SW","922","M","F","N",18.76,149,"",172.41,"","DALTON",15,"FULL",191.17
"41_1C_O","41_1",1,"C","891","O","","N",11.78,119,"",23.48,"","DALTON",5,"FULL",35.26
"41_1C_MC","41_1",1,"C","740","M","C","N",19.12,93,"",186.3,"","DALTON",15,"FULL",205.42
"41_1C_MF","41_1",1,"C","168","M","F","N",11.02,NA,"",191.92,"","DALTON",15,"FULL",202.94
"41_1NE_O","41_1",1,"NE","843","O","","N",3.32,87,"",7.87,"","DALTON",2,"FULL",11.19
"41_1NE_MC","41_1",1,"NE","877","M","C","N",37.35,13,"",236.51,"","DALTON",15,"FULL",273.86
"41_1NE_MF","41_1",1,"NE","767","M","F","N",17.35,13,"",103.26,"","DALTON",15,"FULL",120.61
"41_1NW_O","41_1",1,"NW","473","O","","N",6.6,60,"",6.88,"","DALTON",16,"FULL",13.48
"41_1NW_MC","41_1",1,"NW","927","M","C","N",18.4,91,"",136.28,"","DALTON",15,"FULL",154.68
"41_1NW_MF","41_1",1,"NW","933","M","F","N",16.36,91,"",87.77,"","DALTON",15,"FULL",104.13
"41_1SE_O","41_1",1,"SE","870","O","","N",9.97,123,"",30.74,"","DALTON",15,"FULL",40.71
"41_1SE_MC","41_1",1,"SE","577","M","C","N",24.78,65,"",231.77,"","DALTON",15,"FULL",256.55
"41_1SE_MF","41_1",1,"SE","286","M","F","N",14.97,65,"",136.94,"","DALTON",15,"FULL",151.91
"41_1SW_O","41_1",1,"SW","892","O","","N",6.84,NA,"",31.13,"","DALTON",3,"FULL",37.97
"41_1SW_MC","41_1",1,"SW","686","M","C","N",19.29,NA,"",198.37,"","DALTON",15,"FULL",217.66
"41_1SW_MF","41_1",1,"SW","712","M","F","N",20.36,NA,"",18.09,"","DALTON",15,"FULL",38.45
"42_1C_O","42_1",1,"C","489","O","","N",4.69,64,"",13.06,"","DALTON",15,"FULL",17.75
"42_1C_MC","42_1",1,"C","797","M","C","N",17.39,NA,"",171.05,"","DALTON",15,"FULL",188.44
"42_1C_MF","42_1",1,"C","790","M","F","N",17.63,78,"",118.57,"","DALTON",15,"FULL",136.2
"42_1NE_O","42_1",1,"NE","878","O","","N",7.06,136,"",19.81,"","DALTON",14,"FULL",26.87
"42_1NE_MC","42_1",1,"NE","559","M","C","N",22.79,70,"",31.06,"","DALTON",15,"FULL",53.85
"42_1NE_MF","42_1",1,"NE","296","M","F","N",11.07,70,"",347.23,"","DALTON",15,"FULL",358.3
"42_1NW_O","42_1",1,"NW","479","O","","N",5.61,155,"",12.31,"","DALTON",12,"FULL",17.92
"42_1NW_MC","42_1",1,"NW","702","M","C","N",19.56,146,"",203.41,"","DALTON",15,"FULL",222.97
"42_1NW_MF","42_1",1,"NW","709","M","F","N",21.42,146,"",158.82,"","DALTON",15,"FULL",180.24
"42_1SE_O","42_1",1,"SE","829","O","","N",6.2,42,"",22.68,"","DALTON",12,"FULL",28.88
"42_1SE_MC","42_1",1,"SE","331","M","C","N",16.11,140,"",136.78,"","DALTON",15,"FULL",152.89
"42_1SE_MF","42_1",1,"SE","150","M","F","N",10.63,NA,"",211.83,"","DALTON",15,"FULL",222.46
"42_1SW_O","42_1",1,"SW","743","O","","N",6.7,16,"",15.09,"","DALTON",4,"FULL",21.79
"42_1SW_MC","42_1",1,"SW","363","M","C","N",25.8,7,"",85.21,"","DALTON",15,"FULL",111.01
"42_1SW_MF","42_1",1,"SW","51","M","F","N",12.08,NA,"",304.87,"","DALTON",15,"FULL",316.95
"44_0C_O","44_0",0,"C","467","O","","N",4.99,133,"",17.33,"","DALTON",20,"FULL",22.32
"44_0C_MC","44_0",0,"C","706","M","C","N",17.09,14,"",88.04,"","DALTON",15,"FULL",105.13
"44_0C_MF","44_0",0,"C","707","M","F","N",21.96,14,"",218.35,"","DALTON",15,"FULL",240.31
"44_0NE_O","44_0",0,"NE","857","O","","N",6.05,73,"",19,"","DALTON",20,"FULL",25.05
"44_0NE_MC","44_0",0,"NE","356","M","C","N",1.06,NA,"",0,"","DALTON",15,"FULL",1.06
"44_0NE_MF","44_0",0,"NE","152","M","F","N",8.8,NA,"",150.84,"","DALTON",15,"FULL",159.64
"44_0NW_O","44_0",0,"NW","567","O","","N",5.9,62,"",9.27,"","DALTON",17,"FULL",15.17
"44_0SE_O","44_0",0,"SE","644","O","","N",7.84,28,"",24.77,"","DALTON",20,"FULL",32.61
"44_0SE_MC","44_0",0,"SE","609","M","C","N",17.18,101,"",5.19,"","DALTON",15,"FULL",22.37
"44_0SE_MF","44_0",0,"SE","145","M","F","N",13.63,NA,"",256.26,"","DALTON",15,"FULL",269.89
"44_0SW_O","44_0",0,"SW","497","O","","N",5.22,39,"",35.41,"","DALTON",17,"FULL",40.63
"44_0SW_MC","44_0",0,"SW","804","M","C","N",4.35,138,"",0,"","DALTON",15,"FULL",4.35
"44_0SW_MF","44_0",0,"SW","217","M","F","N",10.64,138,"",278.53,"","DALTON",15,"FULL",289.17
"47_2C_O","47_2",2,"C","477","O","","Y",10.18,105,"",36.25,"","DALTON",2.5,"FULL",46.43
"47_2C_MC","47_2",2,"C","332","M","C","Y",2.7,6,"",0,"","DALTON",5,"5_10",2.7
"47_2C_MC","47_2",2,"C","895","M","C","Y",0.18,69,"",0,"","DALTON",5,"10_15",0.18
"47_2C_MC","47_2",2,"C","905","M","C","Y",0.3,90,"",0,"","DALTON",5,"0_5",0.3
"47_2C_MF","47_2",2,"C","86","M","F","Y",5.92,90,"",31.43,"","DALTON",5,"0_5",37.35
"47_2C_MF","47_2",2,"C","89","M","F","Y",8.93,NA,"",58.15,"","DALTON",5,"10_15",67.08
"47_2C_MF","47_2",2,"C","94","M","F","Y",4.51,6,"",26.91,"","DALTON",5,"5_10",31.42
"47_2NE_O","47_2",2,"NE","783","O","","Y",5.68,102,"",12.48,"","DALTON",5,"FULL",18.16
"47_2NE_MC","47_2",2,"NE","914","M","C","Y",0.53,72,"LOTS OF WOOD",0,"","DALTON",5,"0_5",0.53
"47_2NE_MC","47_2",2,"NE","NO_SAMPLE","M","C","Y",NA,73,"",0,"","DALTON",5,"5_10",NA
"47_2NE_MF","47_2",2,"NE","15","M","F","Y",1.81,72,"",53,"","DALTON",5,"0_5",54.81
"47_2NE_MF","47_2",2,"NE","87","M","F","Y",11.35,73,"",70.44,"","DALTON",5,"5_10",81.79
"47_2NW_O","47_2",2,"NW","450","O","","Y",12.02,98,"",35.95,"","DALTON",5,"FULL",47.97
"47_2NW_MC","47_2",2,"NW","916","M","C","Y",0.12,26,"ALL TWIG",0,"","DALTON",5,"0_5",0.12
"47_2NW_MF","47_2",2,"NW","172","M","F","Y",5.28,NA,"",196.26,"","DALTON",5,"0_5",201.54
"47_2NW_MF","47_2",2,"NW","91","M","F","Y",12.46,33,"NO COARSE",24,"","DALTON",5,"5_10",36.46
"47_2SE_O","47_2",2,"SE","476","O","","Y",6.66,96,"",10.71,"","DALTON",7.5,"FULL",17.37
"47_2SE_MC","47_2",2,"SE","418","M","C","Y",0.6,12,"",0,"","DALTON",5,"5_10",0.6
"47_2SE_MF","47_2",2,"SE","148","M","F","Y",6.77,12,"",14.23,"","DALTON",5,"5_10",21
"47_2SE_MF","47_2",2,"SE","149","M","F","Y",4.95,25,"NO COARSE",22.96,"","DALTON",5,"0_5",27.91
"47_2SW_O","47_2",2,"SW","456","O","","Y",10.66,114,"",45.03,"","DALTON",4,"FULL",55.69
"47_2SW_MC?","47_2",2,"SW","452","M","C","Y",8.52,70,"(MAYBE ORGANIC)",24.08,"","DALTON",5,"0_5",32.6
"48_1C_O","48_1",1,"C","808","O","","N",7.4,121,"",10.84,"","DALTON",5,"FULL",18.24
"48_1C_MC","48_1",1,"C","765","M","C","N",12.26,17,"",170.03,"","DALTON",15,"FULL",182.29
"48_1C_MF","48_1",1,"C","766","M","F","N",18.28,17,"",191.22,"","DALTON",15,"FULL",209.5
"48_1NE_O","48_1",1,"NE","493","O","","N",7,NA,"",18.18,"","DALTON",2,"FULL",25.18
"48_1NE_MC","48_1",1,"NE","920","M","C","N",17.01,134,"",114.8,"","DALTON",15,"FULL",131.81
"48_1NE_MF","48_1",1,"NE","921","M","F","N",18.76,134,"",147.92,"","DALTON",15,"FULL",166.68
"48_1NW_O","48_1",1,"NW","720","O","","N",8.55,120,"",26.53,"","DALTON",3,"FULL",35.08
"48_1NW_MC","48_1",1,"NW","375","M","C","N",19.56,147,"",182.43,"DUP","DALTON",15,"FULL",201.99
"48_1NW_MC","48_1",1,"NW","598","M","C","N",21.03,147,"",182.43,"DUP","DALTON",15,"FULL",203.46
"48_1NW_MF","48_1",1,"NW","231","M","F","N",10.17,147,"",237.09,"","DALTON",15,"FULL",247.26
"48_1SE_O","48_1",1,"SE","515","O","","N",9.62,135,"",16.62,"","DALTON",2,"FULL",26.24
"48_1SE_MC","48_1",1,"SE","619","M","C","N",8.47,43,"",0,"","DALTON",15,"FULL",8.47
"48_1SE_MF","48_1",1,"SE","307","M","F","N",14.56,43,"",332.99,"","DALTON",15,"FULL",347.55
"48_1SW_O","48_1",1,"SW","642","O","","N",11.53,98,"",22.45,"","DALTON",2,"FULL",33.98
"48_1SW_MC","48_1",1,"SW","664","M","C","N",19.54,163,"",121.05,"","DALTON",15,"FULL",140.59
"48_1SW_MF","48_1",1,"SW","680","M","F","N",20.45,163,"",256.35,"","DALTON",15,"FULL",276.8
"5_1C_O","5_1",1,"C","633","O","","N",3.34,NA,"",15.36,"","STEESE",10,"FULL",18.7
"5_1NE_O","5_1",1,"NE","761","O","","N",7.9,60,"",23.46,"","STEESE",11,"FULL",31.36
"5_1NE_MC","5_1",1,"NE","393","M","C","N",20.57,74,"",75.39,"","STEESE",15,"FULL",95.96
"5_1NE_MF","5_1",1,"NE","144","M","F","N",10.48,NA,"",379.48,"","STEESE",15,"FULL",389.96
"5_1NW_O","5_1",1,"NW","751","O","","N",7.74,NA,"",10.03,"","STEESE",10,"FULL",17.77
"5_1NW_MC","5_1",1,"NW","726","M","C","N",21.56,66,"",194.75,"","STEESE",15,"FULL",216.31
"5_1NW_MF","5_1",1,"NW","192","M","F","N",11.25,66,"",298.93,"","STEESE",15,"FULL",310.18
"5_1SE_O","5_1",1,"SE","827","O","","N",5.6,NA,"",21.31,"","STEESE",15,"FULL",26.91
"5_1SE_MC","5_1",1,"SE","640","M","C","N",19.7,NA,"",164.83,"","STEESE",15,"FULL",184.53
"5_1SE_MF","5_1",1,"SE","39","M","F","N",10.65,NA,"",240.15,"","STEESE",15,"FULL",250.8
"5_1SW_O","5_1",1,"SW","498","O","","N",5.33,NA,"",17.47,"","STEESE",11,"FULL",22.8
"5_1SW_MC","5_1",1,"SW","575","M","C","N",20.13,96,"",0,"","STEESE",15,"FULL",20.13
"5_1SW_MF","5_1",1,"SW","191","M","F","N",7.48,96,"",201.31,"","STEESE",15,"FULL",208.79
"50_1C_O","50_1",1,"C","643","O","","Y",14.4,6,"",34.7,"","DALTON",2,"FULL",49.1
"50_1C_MC","50_1",1,"C","723","M","C","Y",2.75,2,"",0,"","DALTON",5,"0_5",2.75
"50_1C_MC","50_1",1,"C","908","M","C","Y",2.21,96,"",0,"","DALTON",5,"10_15",2.21
"50_1C_MF","50_1",1,"C","229","M","F","Y",7.91,96,"",112.32,"","DALTON",5,"10_15",120.23
"50_1C_MF","50_1",1,"C","235","M","F","Y",11.51,23,"",76.25,"","DALTON",5,"5_10",87.76
"50_1C_MF","50_1",1,"C","237","M","F","Y",8.15,2,"",59.65,"","DALTON",5,"0_5",67.8
"50_1NE_O","50_1",1,"NE","782","O","","Y",5.21,105,"",25.35,"","DALTON",3,"FULL",30.56
"50_1NE_MC","50_1",1,"NE","903","M","C","Y",0.42,9,"",0,"","DALTON",5,"10_15",0.42
"50_1NE_MF","50_1",1,"NE","232","M","F","Y",5.74,18,"NO COARSE",77.48,"","DALTON",5,"5_10",83.22
"50_1NE_MF","50_1",1,"NE","46","M","F","Y",8.78,NA,"",98,"","DALTON",5,"10_15",106.78
"50_1NE_MF","50_1",1,"NE","935","M","F","Y",10.46,93,"NOT SIEVED",5.71,"DUP","DALTON",5,"0_5",16.17
"50_1NE_MF","50_1",1,"NE","996","M","F","Y",10.05,93,"",5.71,"DUP","DALTON",5,"0_5",15.76
"50_1NW_O","50_1",1,"NW","860","O","","Y",8.17,24,"",16.45,"","DALTON",9,"FULL",24.62
"50_1NW_MC","50_1",1,"NW","434","M","C","Y",0.78,148,"",0,"","DALTON",5,"10_15",0.78
"50_1NW_MC","50_1",1,"NW","570","M","C","Y",2.38,124,"",0,"","DALTON",5,"0_5",2.38
"50_1NW_MF","50_1",1,"NW","24","M","F","Y",8.06,NA,"",162.06,"","DALTON",5,"10_15",170.12
"50_1NW_MF","50_1",1,"NW","268","M","F","Y",4.67,124,"",47.37,"","DALTON",5,"0_5",52.04
"50_1NW_MF","50_1",1,"NW","284","M","F","Y",9.75,40,"",77.59,"","DALTON",5,"5_10",87.34
"50_1SE_O","50_1",1,"SE","449","O","","Y",5.26,104,"",30.37,"","DALTON",3,"FULL",35.63
"50_1SE_MF","50_1",1,"SE","158","M","F","Y",11.43,NA,"NO COARSE",72.87,"","DALTON",5,"0_5",84.3
"50_1SE_MF","50_1",1,"SE","218","M","F","Y",9.68,154,"NO COARSE",123.12,"","DALTON",5,"10_15",132.8
"50_1SE_MF","50_1",1,"SE","224","M","F","Y",7.3,20,"NO COARSE",112.3,"","DALTON",5,"5_10",119.6
"50_1SW_O","50_1",1,"SW","830","O","","Y",5.68,75,"",13.54,"","DALTON",3,"FULL",19.22
"50_1SW_MC","50_1",1,"SW","402","M","C","Y",4.63,60,"",0,"","DALTON",5,"0_5",4.63
"50_1SW_MC","50_1",1,"SW","656","M","C","Y",1.99,43,"",0,"","DALTON",5,"10_15",1.99
"50_1SW_MC","50_1",1,"SW","820","M","C","Y",1.76,28,"",0,"","DALTON",5,"5_10",1.76
"50_1SW_MF","50_1",1,"SW","162","M","F","Y",5.12,NA,"",47.44,"","DALTON",5,"0_5",52.56
"50_1SW_MF","50_1",1,"SW","236","M","F","Y",6.68,43,"",69.66,"","DALTON",5,"10_15",76.34
"50_1SW_MF","50_1",1,"SW","249","M","F","Y",9.69,28,"",43.04,"","DALTON",5,"5_10",52.73
"52_1C_O","52_1",1,"C","501","O","","Y",9.79,31,"",19.97,"","DALTON",9,"FULL",29.76
"52_1C_MC","52_1",1,"C","394","M","C","Y",24.14,158,"",7.57,"","DALTON",5,"10_15",31.71
"52_1C_MC","52_1",1,"C","594","M","C","Y",20.45,NA,"",8.51,"","DALTON",5,"0_5",28.96
"52_1C_MC","52_1",1,"C","997","M","C","Y",12.48,NA,"",22.37,"","DALTON",5,"5_10",34.85
"52_1C_MF","52_1",1,"C","11","M","F","Y",1.9,NA,"",106.38,"","DALTON",5,"5_10",108.28
"52_1C_MF","52_1",1,"C","181","M","F","Y",9.68,NA,"",68.32,"","DALTON",5,"10_15",78
"52_1C_MF","52_1",1,"C","222","M","F","Y",6.69,NA,"",71.44,"","DALTON",5,"0_5",78.13
"52_1NE_O","52_1",1,"NE","806","O","","Y",8.94,10,"",27.67,"","DALTON",5,"FULL",36.61
"52_1NE_MC","52_1",1,"NE","413","M","C","Y",20.65,122,"",63.71,"","DALTON",5,"10_15",84.36
"52_1NE_MC","52_1",1,"NE","551","M","C","Y",20.83,120,"",25.73,"","DALTON",5,"5_10",46.56
"52_1NE_MC","52_1",1,"NE","700","M","C","Y",24.53,74,"",13.98,"","DALTON",5,"0_5",38.51
"52_1NE_MF","52_1",1,"NE","122","M","F","Y",13.91,NA,"",71.46,"","DALTON",5,"10_15",85.37
"52_1NE_MF","52_1",1,"NE","13","M","F","Y",4.84,NA,"",78.88,"","DALTON",5,"0_5",83.72
"52_1NE_MF","52_1",1,"NE","157","M","F","Y",12.16,NA,"",60.41,"","DALTON",5,"5_10",72.57
"52_1NW_O","52_1",1,"NW","505","O","","Y",4.32,8,"",19.51,"","DALTON",2,"FULL",23.83
"52_1NW_MC","52_1",1,"NW","426","M","C","Y",21.65,152,"",11.99,"","DALTON",5,"5_10",33.64
"52_1NW_MC","52_1",1,"NW","614","M","C","Y",19.82,15,"",0,"","DALTON",5,"10_15",19.82
"52_1NW_MC","52_1",1,"NW","629","M","C","Y",20.69,133,"",30.11,"","DALTON",5,"0_5",50.8
"52_1NW_MF","52_1",1,"NW","14","M","F","Y",1.66,NA,"",102.34,"","DALTON",5,"5_10",104
"52_1NW_MF","52_1",1,"NW","240","M","F","Y",9.2,133,"",115.31,"","DALTON",5,"0_5",124.51
"52_1NW_MF","52_1",1,"NW","258","M","F","Y",7.46,15,"",71.33,"","DALTON",5,"10_15",78.79
"52_1SE_O","52_1",1,"SE","506","O","","Y",7.16,64,"",34.42,"","DALTON",4,"FULL",41.58
"52_1SE_MC","52_1",1,"SE","353","M","C","Y",20.18,146,"",34.62,"","DALTON",5,"5_10",54.8
"52_1SE_MC","52_1",1,"SE","354","M","C","Y",15.42,11,"",9.92,"","DALTON",5,"0_5",25.34
"52_1SE_MC","52_1",1,"SE","392","M","C","Y",21,128,"",0,"DUP","DALTON",5,"10_15",21
"52_1SE_MC","52_1",1,"SE","608","M","C","Y",20.74,128,"",97.89,"DUP","DALTON",5,"10_15",118.63
"52_1SE_MF","52_1",1,"SE","159","M","F","Y",5.94,NA,"",1.27,"DUP","DALTON",5,"10_15",7.21
"52_1SE_MF","52_1",1,"SE","256","M","F","Y",8.63,146,"",67.51,"","DALTON",5,"5_10",76.14
"52_1SE_MF","52_1",1,"SE","285","M","F","Y",13.56,128,"",81.13,"DUP","DALTON",5,"10_15",94.69
"52_1SE_MF","52_1",1,"SE","306","M","F","Y",10.4,11,"",51.78,"","DALTON",5,"0_5",62.18
"52_1SW_O","52_1",1,"SW","821","O","","Y",10.15,123,"",36.78,"","DALTON",14,"FULL",46.93
"52_1SW_MC","52_1",1,"SW","382","M","C","Y",20.04,1,"",0,"DUP","DALTON",5,"0_5",20.04
"52_1SW_MC","52_1",1,"SW","414","M","C","Y",23.18,153,"12.38",15.21,"","DALTON",5,"10_15",38.39
"52_1SW_MC","52_1",1,"SW","698","M","C","Y",12.75,138,"",44.55,"","DALTON",5,"5_10",57.3
"52_1SW_MC","52_1",1,"SW","872","M","C","Y",0.72,1,"ALL ROCK",53.13,"DUP","DALTON",5,"0_5",53.85
"52_1SW_MF","52_1",1,"SW","17","M","F","Y",12.19,NA,"",9.12,"","DALTON",5,"10_15",21.31
"52_1SW_MF","52_1",1,"SW","31","M","F","Y",7.94,NA,"",57.59,"","DALTON",5,"5_10",65.53
"52_1SW_MF","52_1",1,"SW","33","M","F","Y",10,NA,"",14,"","DALTON",5,"0_5",24
"54_3C_O","54_3",3,"C","491","O","","N",8.09,47,"",16.36,"","DALTON",1.25,"FULL",24.45
"54_3C_MC","54_3",3,"C","585","M","C","N",23.42,112,"",49.46,"","DALTON",15,"FULL",72.88
"54_3C_MF","54_3",3,"C","265","M","F","N",10.91,112,"",293.18,"","DALTON",15,"FULL",304.09
"54_3NE_O","54_3",3,"NE","499","O","","N",8.34,22,"",21.35,"","DALTON",2,"FULL",29.69
"54_3NE_MC","54_3",3,"NE","747","M","C","N",21.89,51,"",135.86,"","DALTON",15,"FULL",157.75
"54_3NE_MF","54_3",3,"NE","748","M","F","N",23.13,51,"",236.46,"","DALTON",15,"FULL",259.59
"54_3NW_O","54_3",3,"NW","887","O","","N",9.2,74,"",27.82,"","DALTON",0,"FULL",37.02
"54_3NW_MC","54_3",3,"NW","636","M","C","N",21.28,19,"",4.1,"","DALTON",15,"FULL",25.38
"54_3NW_MF","54_3",3,"NW","146","M","F","N",12.16,NA,"",366.27,"","DALTON",15,"FULL",378.43
"54_3SE_O","54_3",3,"SE","810","O","","N",9.33,3,"",36.04,"","DALTON",1.5,"FULL",45.37
"54_3SE_MC","54_3",3,"SE","357","M","C","N",24.74,135,"",126,"","DALTON",15,"FULL",150.74
"54_3SE_MF","54_3",3,"SE","127","M","F","N",14.05,NA,"",258.68,"","DALTON",15,"FULL",272.73
"54_3SW_O","54_3",3,"SW","881","O","","N",6.56,100,"",4.08,"","DALTON",1.5,"FULL",10.64
"54_3SW_MC","54_3",3,"SW","412","M","C","N",19.32,113,"",27.91,"","DALTON",15,"FULL",47.23
"54_3SW_MF","54_3",3,"SW","12","M","F","N",2.06,NA,"",303.32,"","DALTON",15,"FULL",305.38
"55_3C_O","55_3",3,"C","834","O","","N",9.88,50,"",13.62,"","DALTON",2,"FULL",23.5
"55_3C_MC","55_3",3,"C","408","M","C","N",18.59,110,"",4.76,"DUP","DALTON",15,"FULL",23.35
"55_3C_MC","55_3",3,"C","417","M","C","N",21.9,137,"55_3 not seperated",NA,"DUP","DALTON",5,"5_10",NA
"55_3C_MF","55_3",3,"C","3","M","F","N",0.72,NA,"",374.91,"","DALTON",15,"FULL",375.63
"55_3NE_O","55_3",3,"NE","458","O","","N",5.94,72,"",0.21,"","DALTON",0.1,"FULL",6.15
"55_3NE_MC","55_3",3,"NE","800","M","C","N",17.59,NA,"",222.81,"","DALTON",15,"FULL",240.4
"55_3NE_MF","55_3",3,"NE","793","M","F","N",19.26,NA,"",100.19,"","DALTON",15,"FULL",119.45
"55_3NW_O","55_3",3,"NW","495","O","","N",3.42,92,"",2.77,"","DALTON",2,"FULL",6.19
"55_3NW_MC","55_3",3,"NW","584","M","C","N",21.84,131,"",12.31,"","DALTON",15,"FULL",34.15
"55_3NW_MF","55_3",3,"NW","276","M","F","N",11.39,131,"",305.62,"","DALTON",15,"FULL",317.01
"55_3SE_O","55_3",3,"SE","539","O","","N",8.51,45,"",0.53,"","DALTON",2,"FULL",9.04
"55_3SE_MC","55_3",3,"SE","730","M","C","N",18.28,97,"",103.19,"","DALTON",15,"FULL",121.47
"55_3SE_MF","55_3",3,"SE","40","M","F","N",7.5,NA,"",187.99,"","DALTON",15,"FULL",195.49
"55_3SW_O","55_3",3,"SW","385","O","","N",11.86,54,"",0,"DUP","DALTON",2,"FULL",11.86
"55_3SW_O","55_3",3,"SW","867","O","","N",0.85,54,"",0,"DUP","DALTON",2,"FULL",0.85
"55_3SW_MC","55_3",3,"SW","617","M","C","N",16.53,115,"",6.56,"","DALTON",15,"FULL",23.09
"55_3SW_MF","55_3",3,"SW","246","M","F","N",12.69,115,"",376.47,"","DALTON",15,"FULL",389.16
"56_2C_O","56_2",2,"C","373","O","","Y",7.75,65,"REDONE_DROP",10.85,"DUP","DALTON",4.1,"FULL",18.6
"56_2C_O","56_2",2,"C","457","O","","Y",21.68,108,"REDO",8.01,"","DALTON",4.1,"FULL",29.69
"56_2C_O","56_2",2,"C","648","O","","Y",8.11,65,"REDONE_DROP",10.85,"DUP","DALTON",4.1,"FULL",18.96
"56_2C_MC","56_2",2,"C","387","M","C","Y",1.95,10,"",0,"","DALTON",5,"0_5",1.95
"56_2C_MC","56_2",2,"C","873","M","C","Y",0.09,30,"NOT MUCH",0,"","DALTON",5,"5_10",0.09
"56_2C_MF","56_2",2,"C","155","M","F","Y",12.78,NA,"",100.22,"","DALTON",5,"5_10",113
"56_2C_MF","56_2",2,"C","95","M","F","Y",9.43,NA,"",71,"","DALTON",5,"0_5",80.43
"56_2NE_O","56_2",2,"NE","650","O","","Y",8.01,92,"",10.02,"","DALTON",4,"FULL",18.03
"56_2NE_MC","56_2",2,"NE","344","M","C","Y",3.38,28,"",0,"","DALTON",5,"0_5",3.38
"56_2NE_MC","56_2",2,"NE","909","M","C","Y",0.29,43,"-2",0,"","DALTON",5,"5_10",0.29
"56_2NE_MF","56_2",2,"NE","129","M","F","Y",8.46,NA,"",27.5,"","DALTON",5,"5_10",35.96
"56_2NE_MF","56_2",2,"NE","90","M","F","Y",7.66,NA,"",52.85,"","DALTON",5,"0_5",60.51
"56_2NW_O","56_2",2,"NW","773","O","","Y",8.97,66,"",16.49,"","DALTON",1.9,"FULL",25.46
"56_2NW_MC","56_2",2,"NW","345","M","C","Y",3.04,24,"",0,"","DALTON",5,"5_10",3.04
"56_2NW_MC","56_2",2,"NW","812","M","C","Y",1.25,32,"",0,"","DALTON",5,"0_5",1.25
"56_2NW_MC","56_2",2,"NW","904","M","C","Y",0.4,67,"",0,"","DALTON",5,"10_15",0.4
"56_2NW_MF","56_2",2,"NW","92","M","F","Y",10.95,NA,"",110.96,"","DALTON",5,"10_15",121.91
"56_2NW_MF","56_2",2,"NW","93","M","F","Y",7.2,NA,"",67.73,"","DALTON",5,"0_5",74.93
"56_2NW_MF","56_2",2,"NW","97","M","F","Y",7.42,NA,"",76.85,"","DALTON",5,"5_10",84.27
"56_2SE_O","56_2",2,"SE","453","O","","Y",9.5,116,"",62.11,"","DALTON",3.5,"FULL",71.61
"56_2SE_MC","56_2",2,"SE","896","M","C","Y",0.23,34,"ACTUALLY 5_7",0,"","DALTON",5,"5_10",0.23
"56_2SE_MF","56_2",2,"SE","175","M","F","Y",7.22,NA,"",82.01,"","DALTON",5,"5_10",89.23
"56_2SE_MF","56_2",2,"SE","54","M","F","Y",10.67,NA,"",87.57,"","DALTON",5,"0_5",98.24
"56_2SW_O","56_2",2,"SW","454","O","","Y",7.13,110,"",16.76,"","DALTON",3,"FULL",23.89
"56_2SW_MC","56_2",2,"SW","865","M","C","Y",0.8,31,"",0,"","DALTON",5,"10_15",0.8
"56_2SW_MC","56_2",2,"SW","906","M","C","Y",0.22,23,"",0,"","DALTON",5,"0_5",0.22
"56_2SW_MF","56_2",2,"SW","79","M","F","Y",10.69,NA,"",84.57,"","DALTON",5,"0_5",95.26
"56_2SW_MF","56_2",2,"SW","81","M","F","Y",10.4,NA,"",127.6,"","DALTON",5,"5_10",138
"56_2SW_MF","56_2",2,"SW","96","M","F","Y",9.67,NA,"",64.99,"","DALTON",5,"10_15",74.66
"57_2C_O","57_2",2,"C","564","O","","Y",12.64,101,"",13.99,"","DALTON",0.5,"FULL",26.63
"57_2C_MC","57_2",2,"C","379","M","C","Y",6.12,40,"",0,"","DALTON",5,"5_10",6.12
"57_2C_MC","57_2",2,"C","738","M","C","Y",1.74,19,"",0,"","DALTON",5,"0_5",1.74
"57_2C_MC","57_2",2,"C","899","M","C","Y",0.14,39,"",0,"","DALTON",5,"10_15",0.14
"57_2C_MF","57_2",2,"C","186","M","F","Y",9.59,NA,"",119.88,"","DALTON",5,"10_15",129.47
"57_2C_MF","57_2",2,"C","58","M","F","Y",7.57,NA,"",70.14,"","DALTON",5,"0_5",77.71
"57_2C_MF","57_2",2,"C","73","M","F","Y",12.6,NA,"",116.5,"","DALTON",5,"5_10",129.1
"57_2NE_O","57_2",2,"NE","324","O","","Y",12.95,61,"",80.61,"","DALTON",0.5,"FULL",93.56
"57_2NE_MC","57_2",2,"NE","361","M","C","Y",10.98,8,"",0,"","DALTON",5,"5_10",10.98
"57_2NE_MC","57_2",2,"NE","365","M","C","Y",5.73,11,"",0,"","DALTON",5,"10_15",5.73
"57_2NE_MC","57_2",2,"NE","433","M","C","Y",3.91,9,"",0,"","DALTON",5,"0_5",3.91
"57_2NE_MF","57_2",2,"NE","55","M","F","Y",11.74,NA,"",83.65,"","DALTON",5,"0_5",95.39
"57_2NE_MF","57_2",2,"NE","75","M","F","Y",11.98,NA,"",103.06,"","DALTON",5,"5_10",115.04
"57_2NE_MF","57_2",2,"NE","78","M","F","Y",11.05,NA,"",79.9,"","DALTON",5,"10_15",90.95
"57_2NW_O","57_2",2,"NW","NO_SAMPLE","O","","Y",NA,NA,"NO SAMPLE",0,"","DALTON",2.5,"FULL",NA
"57_2NW_MC","57_2",2,"NW","376","M","C","Y",2.89,41,"",0,"","DALTON",5,"0_5",2.89
"57_2NW_MC","57_2",2,"NW","442","M","C","Y",2.31,48,"",0,"","DALTON",5,"5_10",2.31
"57_2NW_MC","57_2",2,"NW","898","M","C","Y",0.47,47,"ACTUALLY 10_12",0,"","DALTON",5,"10_15",0.47
"57_2NW_MF","57_2",2,"NW","61","M","F","Y",9.89,NA,"",7.27,"","DALTON",5,"10_15",17.16
"57_2NW_MF","57_2",2,"NW","62","M","F","Y",11.93,NA,"",127.38,"","DALTON",5,"5_10",139.31
"57_2NW_MF","57_2",2,"NW","74","M","F","Y",9.87,NA,"",66.45,"","DALTON",5,"0_5",76.32
"57_2SE_O","57_2",2,"SE","461","O","","Y",11.24,115,"",37.16,"","DALTON",0.5,"FULL",48.4
"57_2SE_MC","57_2",2,"SE","366","M","C","Y",3.5,5,"",0,"","DALTON",5,"0_5",3.5
"57_2SE_MC","57_2",2,"SE","435","M","C","Y",0.26,45,"",0,"","DALTON",5,"5_10",0.26
"57_2SE_MC","57_2",2,"SE","874","M","C","Y",0,46,"(ACTUALLY 13)",0,"","DALTON",5,"10_15",0
"57_2SE_MF","57_2",2,"SE","170","M","F","Y",8.54,NA,"",52.27,"","DALTON",5,"10_15",60.81
"57_2SE_MF","57_2",2,"SE","171","M","F","Y",8.22,NA,"",85.85,"","DALTON",5,"5_10",94.07
"57_2SE_MF","57_2",2,"SE","76","M","F","Y",9.76,NA,"",66.07,"","DALTON",5,"0_5",75.83
"57_2SW_O","57_2",2,"SW","343","O","","Y",14.06,60,"",33.67,"","DALTON",0.5,"FULL",47.73
"57_2SW_MC","57_2",2,"SW","359","M","C","Y",3.38,44,"",0,"","DALTON",5,"10_15",3.38
"57_2SW_MC","57_2",2,"SW","424","M","C","Y",2.14,50,"",0,"","DALTON",5,"5_10",2.14
"57_2SW_MC","57_2",2,"SW","430","M","C","Y",0.53,52,"",0,"","DALTON",5,"0_5",0.53
"57_2SW_MF","57_2",2,"SW","118","M","F","Y",11.05,NA,"",95.31,"","DALTON",5,"10_15",106.36
"57_2SW_MF","57_2",2,"SW","174","M","F","Y",6.62,NA,"",122.81,"","DALTON",5,"0_5",129.43
"57_2SW_MF","57_2",2,"SW","183","M","F","Y",11.32,NA,"",133.95,"","DALTON",5,"5_10",145.27
"58_0C_O","58_0",0,"C","563","O","","Y",7.31,57,"",30.78,"","DALTON",17,"FULL",38.09
"58_0C_MC","58_0",0,"C","431","M","C","Y",1.58,58,"REDO",0.24,"DUP","DALTON",5,"0_5",1.82
"58_0C_MC","58_0",0,"C","432","M","C","Y",0.52,106,"REDO",0,"DUP","DALTON",5,"5_10",0.52
"58_0C_MC","58_0",0,"C","875","M","C","Y",0.58,83,"REDONE_DROP",0,"DUP","DALTON",5,"0_5",0.58
"58_0C_MC","58_0",0,"C","912","M","C","Y",12.61,159,"REDONE_DROP",10.96,"DUP","DALTON",5,"5_10",23.57
"58_0C_MC","58_0",0,"C","947","M","C","Y",8.11,143,"REDO",0,"","DALTON",5,"10_15",8.11
"58_0C_MF","58_0",0,"C","153","M","F","Y",5.23,83,"REDONE_DROP",17.23,"DUP","DALTON",5,"0_5",22.46
"58_0C_MF","58_0",0,"C","5","M","F","Y",0,NA,"REDO",18.81,"DUP","DALTON",5,"0_5",18.81
"58_0C_MF","58_0",0,"C","56","M","F","Y",7.95,NA,"REDO",55.11,"DUP","DALTON",5,"5_10",63.06
"58_0C_MF","58_0",0,"C","911","M","F","Y",17.47,159,"REDONE_DROP",23.15,"DUP","DALTON",5,"5_10",40.62
"58_0C_MF","58_0",0,"C","941","M","F","Y",13.08,143,"REDO",18.03,"","DALTON",5,"10_15",31.11
"58_0NE_O","58_0",0,"NE","663","O","","Y",7.95,162,"",37.19,"","DALTON",16,"FULL",45.14
"58_0NE_MC","58_0",0,"NE","355","M","C","Y",13.3,79,"",0,"","DALTON",5,"0_5",13.3
"58_0NE_MC","58_0",0,"NE","836","M","C","Y",16.75,NA,"",3.73,"","DALTON",5,"5_10",20.48
"58_0NE_MF","58_0",0,"NE","924","M","C","Y",18.49,45,"",3.07,"DUP","DALTON",5,"10_15",21.56
"58_0NE_MF","58_0",0,"NE","48","M","F","Y",11.09,NA,"",118.18,"","DALTON",5,"0_5",129.27
"58_0NE_MF","58_0",0,"NE","839","M","F","Y",21.65,NA,"",51.63,"","DALTON",5,"5_10",73.28
"58_0NE_MF","58_0",0,"NE","923","M","F","Y",20.8,45,"",40.72,"DUP","DALTON",5,"10_15",61.52
"58_0NW_O","58_0",0,"NW","739","O","","Y",4.19,81,"",20.35,"","DALTON",27,"FULL",24.54
"58_0NW_MC","58_0",0,"NW","322","M","C","Y",5.2,164,"",0,"","DALTON",5,"0_5",5.2
"58_0NW_MC","58_0",0,"NW","822","M","C","Y",14.12,NA,"",12.24,"","DALTON",5,"10_15",26.36
"58_0NW_MC","58_0",0,"NW","913","M","C","Y",0.68,54,"",0,"","DALTON",5,"5_10",0.68
"58_0NW_MF","58_0",0,"NW","154","M","F","Y",8.74,164,"",122.23,"","DALTON",5,"0_5",130.97
"58_0NW_MF","58_0",0,"NW","50","M","F","Y",12.21,NA,"",132.43,"","DALTON",5,"5_10",144.64
"58_0NW_MF","58_0",0,"NW","824","M","F","Y",18.91,46,"",66.64,"","DALTON",5,"10_15",85.55
"58_0SE_O","58_0",0,"SE","483","O","","Y",8.31,156,"",18.82,"","DALTON",14,"FULL",27.13
"58_0SE_MC","58_0",0,"SE","517","M","C","Y",12.53,63,"",0,"","DALTON",5,"10_15",12.53
"58_0SE_MC","58_0",0,"SE","795","M","C","Y",14.01,77,"",49.79,"","DALTON",5,"5_10",63.8
"58_0SE_MC","58_0",0,"SE","930","M","C","Y",14.89,48,"",31.77,"","DALTON",5,"0_5",46.66
"58_0SE_MF","58_0",0,"SE","43","M","F","Y",11.29,63,"",90.08,"","DALTON",5,"10_15",101.37
"58_0SE_MF","58_0",0,"SE","796","M","F","Y",18.14,77,"",33.24,"","DALTON",5,"5_10",51.38
"58_0SE_MF","58_0",0,"SE","928","M","F","Y",17.18,48,"",23.62,"","DALTON",5,"0_5",40.8
"58_0SW_O","58_0",0,"SW","864","O","","Y",4.39,49,"",18.99,"","DALTON",11,"FULL",23.38
"58_0SW_MC","58_0",0,"SW","937","M","C","Y",12.05,76,"",23.17,"","DALTON",5,"0_5",35.22
"58_0SW_MF","58_0",0,"SW","934","M","C","Y",16.8,40,"",23.69,"DUP","DALTON",5,"10_15",40.49
"58_0SW_MF","58_0",0,"SW","932","M","F","Y",24,40,"",38.07,"DUP","DALTON",5,"10_15",62.07
"58_0SW_MF","58_0",0,"SW","942","M","F","Y",17.05,76,"",32.47,"","DALTON",5,"0_5",49.52
"6_0C_O","6_0",0,"C","951","O","","N",5.79,NA,"",19.49,"","STEESE",21,"FULL",25.28
"6_0C_MC","6_0",0,"C","991","M","C","N",14.87,NA,"",105.27,"","STEESE",15,"FULL",120.14
"6_0C_MF","6_0",0,"C","988","M","F","N",23.64,NA,"",66.89,"","STEESE",15,"FULL",90.53
"6_0NE_O","6_0",0,"NE","959","O","","N",6.44,NA,"",16,"","STEESE",12.5,"FULL",22.44
"6_0NW_O","6_0",0,"NW","963","O","","N",8.43,NA,"",26.02,"","STEESE",28.5,"FULL",34.45
"6_0SE_O","6_0",0,"SE","971","O","","N",4.77,NA,"",18.285,"","STEESE",20,"FULL",23.055
"6_0SE_MC","6_0",0,"SE","966","M","C","N",14.98,NA,"",106.13,"","STEESE",15,"FULL",121.11
"6_0SE_MF","6_0",0,"SE","965","M","F","N",21.76,NA,"",46.4,"","STEESE",15,"FULL",68.16
"6_0SW_O","6_0",0,"SW","956","O","","N",6.01,NA,"",11.63,"","STEESE",17,"FULL",17.64
"6_0SW_MC","6_0",0,"SW","982","M","C","N",19.82,NA,"",262.36,"","STEESE",15,"FULL",282.18
"6_0SW_MF","6_0",0,"SW","992","M","F","N",18.54,NA,"",153.89,"","STEESE",15,"FULL",172.43
"64_1C_O","64_1",1,"C","733","O","","Y",8.09,108,"",19.52,"","DALTON",3,"FULL",27.61
"64_1C_MC","64_1",1,"C","589","M","C","Y",16.69,55,"",24.63,"","DALTON",5,"0_5",41.32
"64_1C_MC","64_1",1,"C","731","M","C","Y",10.3,71,"",0,"","DALTON",5,"5_10",10.3
"64_1C_MF","64_1",1,"C","123","M","F","Y",10.82,NA,"",60.32,"","DALTON",5,"5_10",71.14
"64_1C_MF","64_1",1,"C","270","M","F","Y",7.25,55,"",45.53,"","DALTON",5,"0_5",52.78
"64_1NE_O","64_1",1,"NE","851","O","","Y",7.46,47,"",15.06,"","DALTON",3,"FULL",22.52
"64_1NE_MC","64_1",1,"NE","342","M","C","Y",25.78,143,"",11.9,"","DALTON",5,"10_15",37.68
"64_1NE_MC","64_1",1,"NE","446","M","C","Y",20.12,56,"",0,"","DALTON",5,"5_10",20.12
"64_1NE_MC","64_1",1,"NE","787","M","C","Y",9.25,33,"",39.13,"","DALTON",5,"0_5",48.38
"64_1NE_MF","64_1",1,"NE","124","M","F","Y",13.43,NA,"",116.11,"","DALTON",5,"10_15",129.54
"64_1NE_MF","64_1",1,"NE","187","M","F","Y",9.15,NA,"",95.6,"","DALTON",5,"5_10",104.75
"64_1NE_MF","64_1",1,"NE","267","M","F","Y",6.21,33,"",24.79,"","DALTON",5,"0_5",31
"64_1NW_O","64_1",1,"NW","854","O","","Y",8.95,101,"",20.71,"","DALTON",2,"FULL",29.66
"64_1NW_MC","64_1",1,"NW","405","M","C","Y",6.8,34,"",0,"","DALTON",5,"0_5",6.8
"64_1NW_MC","64_1",1,"NW","409","M","C","Y",12.68,39,"",0,"","DALTON",5,"5_10",12.68
"64_1NW_MC","64_1",1,"NW","443","M","C","Y",13.07,29,"",0,"","DALTON",5,"10_15",13.07
"64_1NW_MF","64_1",1,"NW","10","M","F","Y",7.88,NA,"",75.87,"","DALTON",5,"5_10",83.75
"64_1NW_MF","64_1",1,"NW","272","M","F","Y",11.6,29,"",62.39,"","DALTON",5,"10_15",73.99
"64_1NW_MF","64_1",1,"NW","8","M","F","Y",3.43,NA,"",37.59,"","DALTON",5,"0_5",41.02
"64_1SE_O","64_1",1,"SE","785","O","","Y",8.31,62,"",21.91,"","DALTON",3,"FULL",30.22
"64_1SE_MC","64_1",1,"SE","406","M","C","Y",6.32,102,"",2.68,"","DALTON",5,"0_5",9
"64_1SE_MC","64_1",1,"SE","530","M","C","Y",17.34,99,"",0,"","DALTON",5,"5_10",17.34
"64_1SE_MC","64_1",1,"SE","607","M","C","Y",12.51,41,"",0,"","DALTON",5,"10_15",12.51
"64_1SE_MF","64_1",1,"SE","19","M","F","Y",7.37,NA,"",68.87,"","DALTON",5,"0_5",76.24
"64_1SE_MF","64_1",1,"SE","289","M","F","Y",15.06,41,"",168.61,"","DALTON",5,"10_15",183.67
"64_1SE_MF","64_1",1,"SE","6","M","F","Y",2.29,NA,"",103.15,"","DALTON",5,"5_10",105.44
"64_1SW_O","64_1",1,"SW","855","O","","Y",15.14,165,"",24.06,"","DALTON",15,"FULL",39.2
"64_1SW_MC","64_1",1,"SW","372","M","C","Y",22.89,7,"",0,"","DALTON",5,"10_15",22.89
"64_1SW_MC","64_1",1,"SW","631","M","C","Y",17.31,17,"",5.93,"","DALTON",5,"0_5",23.24
"64_1SW_MC","64_1",1,"SW","637","M","C","Y",11.51,35,"",0,"","DALTON",5,"5_10",11.51
"64_1SW_MF","64_1",1,"SW","120","M","F","Y",13.57,NA,"",90.03,"","DALTON",5,"5_10",103.6
"64_1SW_MF","64_1",1,"SW","166","M","F","Y",7.44,NA,"",78.55,"","DALTON",5,"10_15",85.99
"64_1SW_MF","64_1",1,"SW","277","M","F","Y",12.14,17,"",69.5,"","DALTON",5,"0_5",81.64
"65_1C_O","65_1",1,"C","784","O","","Y",3.54,80,"",14.71,"","DALTON",5,"FULL",18.25
"65_1C_MC","65_1",1,"C","411","M","C","Y",11.61,25,"",0,"","DALTON",5,"5_10",11.61
"65_1C_MC","65_1",1,"C","526","M","C","Y",11.83,140,"",0,"","DALTON",5,"0_5",11.83
"65_1C_MC","65_1",1,"C","620","M","C","Y",8.02,81,"",0,"","DALTON",5,"10_15",8.02
"65_1C_MF","65_1",1,"C","194","M","F","Y",7.81,140,"",91.4,"","DALTON",5,"0_5",99.21
"65_1C_MF","65_1",1,"C","211","M","F","Y",6.55,81,"",74.74,"","DALTON",5,"10_15",81.29
"65_1C_MF","65_1",1,"C","7","M","F","Y",3.24,NA,"",86.29,"","DALTON",5,"5_10",89.53
"65_1NE_O","65_1",1,"NE","774","O","","Y",6.72,27,"",15.77,"","DALTON",3,"FULL",22.49
"65_1NE_MC","65_1",1,"NE","415","M","C","Y",15.11,142,"",0,"","DALTON",5,"5_10",15.11
"65_1NE_MC","65_1",1,"NE","611","M","C","Y",15.52,86,"",0,"","DALTON",5,"10_15",15.52
"65_1NE_MC","65_1",1,"NE","628","M","C","Y",19.88,4,"",5.49,"","DALTON",5,"0_5",25.37
"65_1NE_MF","65_1",1,"NE","248","M","F","Y",9.53,4,"",78.24,"","DALTON",5,"0_5",87.77
"65_1NE_MF","65_1",1,"NE","4","M","F","Y",3.98,NA,"",58.2,"","DALTON",5,"5_10",62.18
"65_1NE_MF","65_1",1,"NE","88","M","F","Y",11.46,NA,"",81.59,"","DALTON",5,"10_15",93.05
"65_1NW_O","65_1",1,"NW","858","O","","Y",5.47,66,"",7.79,"","DALTON",1.5,"FULL",13.26
"65_1NW_MC","65_1",1,"NW","423","M","C","Y",9.03,49,"",0,"","DALTON",5,"5_10",9.03
"65_1NW_MC","65_1",1,"NW","445","M","C","Y",6.97,48,"",0,"","DALTON",5,"10_15",6.97
"65_1NW_MC","65_1",1,"NW","691","M","C","Y",10.27,95,"DOUBLE CHECK C",0,"","DALTON",5,"0_5",10.27
"65_1NW_MF","65_1",1,"NW","160","M","F","Y",8.52,NA,"",77.82,"","DALTON",5,"10_15",86.34
"65_1NW_MF","65_1",1,"NW","18","M","F","Y",6.62,NA,"",103.35,"","DALTON",5,"5_10",109.97
"65_1NW_MF","65_1",1,"NW","271","M","F","Y",6.28,95,"",60.03,"","DALTON",5,"0_5",66.31
"65_1SE_O","65_1",1,"SE","573","O","","Y",3.58,65,"",12.92,"","DALTON",1,"FULL",16.5
"65_1SE_MC","65_1",1,"SE","421","M","C","Y",7.12,127,"",0,"","DALTON",5,"0_5",7.12
"65_1SE_MC","65_1",1,"SE","444","M","C","Y",8.76,73,"",0,"","DALTON",5,"5_10",8.76
"65_1SE_MF","65_1",1,"SE","223","M","F","Y",7.42,73,"",28.37,"","DALTON",5,"5_10",35.79
"65_1SE_MF","65_1",1,"SE","298","M","F","Y",13.3,126,"NO COARSE",68.35,"","DALTON",5,"10_15",81.65
"65_1SE_MF","65_1",1,"SE","9","M","F","Y",0.53,NA,"",38.44,"","DALTON",5,"0_5",38.97
"65_1SW_O","65_1",1,"SW","314","O","","Y",6.42,13,"",21.24,"","DALTON",6,"FULL",27.66
"65_1SW_MC","65_1",1,"SW","386","M","C","Y",13.77,53,"",0,"","DALTON",5,"5_10",13.77
"65_1SW_MC","65_1",1,"SW","534","M","C","Y",7.78,30,"",0,"","DALTON",5,"0_5",7.78
"65_1SW_MC","65_1",1,"SW","781","M","C","Y",6.18,12,"",0,"","DALTON",5,"10_15",6.18
"65_1SW_MF","65_1",1,"SW","128","M","F","Y",10.88,NA,"",64.86,"","DALTON",5,"5_10",75.74
"65_1SW_MF","65_1",1,"SW","221","M","F","Y",7.87,12,"",57.34,"","DALTON",5,"10_15",65.21
"65_1SW_MF","65_1",1,"SW","262","M","F","Y",8.7,30,"",51.93,"","DALTON",5,"0_5",60.63
"7_3C_O","7_3",3,"C","311","O","","N",4.94,88,"",12.02,"","DALTON",0.5,"FULL",16.96
"7_3C_MC","7_3",3,"C","590","M","C","N",4.54,79,"",0,"","DALTON",15,"FULL",4.54
"7_3C_MF","7_3",3,"C","279","M","F","N",14.44,79,"",376.79,"","DALTON",15,"FULL",391.23
"7_3NE_O","7_3",3,"NE","488","O","","N",12.75,76,"",13.63,"","DALTON",4,"FULL",26.38
"7_3NE_MC","7_3",3,"NE","718","M","C","N",24.44,117,"",173.73,"DUP","DALTON",15,"FULL",198.17
"7_3NE_MF","7_3",3,"NE","238","M","C","N",6.49,117,"?",173.73,"DUP","DALTON",15,"FULL",180.22
"7_3NE_MF","7_3",3,"NE","69","M","F","N",11.13,NA,"",189.29,"DUP","DALTON",15,"FULL",200.42
"7_3NW_O","7_3",3,"NW","471","O","","N",6.35,119,"",3.16,"","DALTON",1,"FULL",9.51
"7_3NW_MC","7_3",3,"NW","604","M","C","N",4.16,139,"",0,"","DALTON",15,"FULL",4.16
"7_3NW_MF","7_3",3,"NW","302","M","F","N",11.03,139,"",368.96,"","DALTON",15,"FULL",379.99
"7_3SE_O","7_3",3,"SE","884","O","","N",9.23,87,"",0,"","DALTON",1,"FULL",9.23
"7_3SE_MC","7_3",3,"SE","848","M","C","N",15.01,89,"",130.17,"","DALTON",15,"FULL",145.18
"7_3SE_MF","7_3",3,"SE","847","M","F","N",18.89,89,"",238.6,"","DALTON",15,"FULL",257.49
"7_3SW_O","7_3",3,"SW","859","O","","N",6.72,59,"",8.81,"","DALTON",2,"FULL",15.53
"7_3SW_MC","7_3",3,"SW","749","M","C","N",15.48,68,"",77.57,"","DALTON",15,"FULL",93.05
"7_3SW_MF","7_3",3,"SW","750","M","F","N",14.17,68,"",195.32,"","DALTON",15,"FULL",209.49
"8_2C_O","8_2",2,"C","831","O","","N",8.49,92,"",0,"","DALTON",2,"FULL",8.49
"8_2C_MC","8_2",2,"C","349","M","C","N",15.72,85,"",6.95,"","DALTON",15,"FULL",22.67
"8_2C_MF","8_2",2,"C","132","M","F","N",8.9,NA,"",261.25,"","DALTON",15,"FULL",270.15
"8_2NE_O","8_2",2,"NE","374","O","","N",7.77,18,"",10.53,"DUP","DALTON",1,"FULL",18.3
"8_2NE_O","8_2",2,"NE","641","O","","N",6.54,18,"",NA,"DUP","DALTON",1,"FULL",NA
"8_2NE_MC","8_2",2,"NE","586","M","C","N",15.87,124,"",0,"","DALTON",15,"FULL",15.87
"8_2NE_MF","8_2",2,"NE","300","M","F","N",12.49,124,"",321.38,"","DALTON",15,"FULL",333.87
"8_2NW_O","8_2",2,"NW","486","O","","N",6.03,30,"",2.15,"","DALTON",2,"FULL",8.18
"8_2NW_MC","8_2",2,"NW","667","M","C","N",10.8,1,"",28.59,"","DALTON",15,"FULL",39.39
"8_2NW_MF","8_2",2,"NW","666","M","F","N",9.71,1,"",280.68,"","DALTON",15,"FULL",290.39
"8_2SE_O","8_2",2,"SE","776","O","","N",6.46,144,"",8.28,"","DALTON",1,"FULL",14.74
"8_2SE_MC","8_2",2,"SE","605","M","C","N",9.01,152,"",1.01,"","DALTON",15,"FULL",10.02
"8_2SE_MF","8_2",2,"SE","251","M","F","N",11.98,152,"",371.94,"","DALTON",15,"FULL",383.92
"8_2SW_O","8_2",2,"SW","789","O","","N",5.03,75,"",6.51,"","DALTON",1,"FULL",11.54
"8_2SW_MC","8_2",2,"SW","554","M","C","N",13.35,32,"",0,"DUP","DALTON",15,"FULL",13.35
"18_1SW_MC","18_1",2,"SW","591","M","C","N",22.96,136,"Bag says 8_1",30.49,"","STEESE",15,"FULL",53.45
"18_1SW_MF","18_1",2,"SW","215","M","F","N",12.68,136,"Bag says 8_1",441,"","DALTON",15,"FULL",453.68
"8_2SW_MF","8_2",2,"SW","287","M","F","N",17.67,32,"",374.15,"DUP","DALTON",15,"FULL",391.82
"9_0C_O","9_0",0,"C","953","O","","N",8.43,NA,"",25.41,"","STEESE",24,"FULL",33.84
"9_0NE_O","9_0",0,"NE","958","O","","N",8.55,NA,"",162.11,"","STEESE",22,"FULL",170.66
"9_0NE_MC","9_0",0,"NE","981","M","C","N",15.95,NA,"",282.6,"","STEESE",15,"FULL",298.55
"9_0NE_MF","9_0",0,"NE","986","M","F","N",20.42,NA,"",117.92,"","STEESE",15,"FULL",138.34
"9_0NW_O","9_0",0,"NW","984","O","","N",7.95,NA,"",37.64,"","STEESE",22.5,"FULL",45.59
"9_0NW_MC","9_0",0,"NW","983","M","C","N",23.48,NA,"",215.63,"","STEESE",15,"FULL",239.11
"9_0SE_O","9_0",0,"SE","964","O","","N",4.99,NA,"",25.11,"","STEESE",23,"FULL",30.1
"9_0SE_MC","9_0",0,"SE","980","M","C","N",16.88,NA,"",82.97,"","STEESE",15,"FULL",99.85
"9_0SE_MF","9_0",0,"SE","979","M","F","N",13.89,NA,"",10.18,"","STEESE",15,"FULL",24.07
"9_0SW_O","9_0",0,"SW","950","O","","N",6.33,NA,"",45.59,"","STEESE",18,"FULL",51.92
