VIAL,SAMPLE,SITE,PLOT,TREAT,CORNER,ORG_MIN,COARSE_FINE,DEPTH,DIVID,BAG,NOTES,DRY_WEIGHT_BAG,DUPLICATES
1,20_1C_MF,STEESE,20_1,1,C,M,F,FULL,N,NA,,342.74,
2,22_3SW_MF,STEESE,22_3,3,SW,M,F,FULL,N,94,,435,
3,55_3C_MF,DALTON,55_3,3,C,M,F,FULL,N,NA,,374.91,
4,65_1NE_MF,DALTON,65_1,1,NE,M,F,5_10,Y,NA,,58.2,
5,58_0C_MF,DALTON,58_0,0,C,M,F,0_5,Y,NA,REDO,18.81,
6,64_1SE_MF,DALTON,64_1,1,SE,M,F,5_10,Y,NA,,103.15,
7,65_1C_MF,DALTON,65_1,1,C,M,F,5_10,Y,NA,,86.29,
8,64_1NW_MF,DALTON,64_1,1,NW,M,F,0_5,Y,NA,,37.59,
9,65_1SE_MF,DALTON,65_1,1,SE,M,F,0_5,Y,NA,,38.44,
10,64_1NW_MF,DALTON,64_1,1,NW,M,F,5_10,Y,NA,,75.87,
11,52_1C_MF,DALTON,52_1,1,C,M,F,5_10,Y,NA,,106.38,
12,54_3SW_MF,DALTON,54_3,3,SW,M,F,FULL,N,NA,,303.32,
13,52_1NE_MF,DALTON,52_1,1,NE,M,F,0_5,Y,NA,,78.88,
14,52_1NW_MF,DALTON,52_1,1,NW,M,F,5_10,Y,NA,,102.34,
15,47_2NE_MF,DALTON,47_2,1,NE,M,F,0_5,Y,72,,53,
16,19_2SE_MF,STEESE,19_2,2,SE,M,F,FULL,N,NA,,409.6,
17,52_1SW_MF,DALTON,52_1,1,SW,M,F,10_15,Y,NA,,9.12,
18,65_1NW_MF,DALTON,65_1,1,NW,M,F,5_10,Y,NA,,103.35,
19,64_1SE_MF,DALTON,64_1,1,SE,M,F,0_5,Y,NA,,68.87,
20,10_0NW_MF,DALTON,10_0,0,NW,M,F,10_15,Y,NA,,110.32,
21,18_1NE_MF,STEESE,18_1,1,NE,M,F,FULL,N,NA,,375.22,
22,28_1SE_MF,STEESE,28_1,1,SE,M,F,FULL,N,NA,,306.93,
23,25_3C_MF,STEESE,25_3,3,C,M,F,FULL,N,NA,,285.78,
24,50_1NW_MF,DALTON,50_1,1,NW,M,F,10_15,Y,NA,,162.06,
25,16_2NW_MF,DALTON,16_2,2,NW,M,F,FULL,N,NA,,312.77,
26,22_3C_MF,STEESE,22_3,3,C,M,F,FULL,N,53,,277.28,
27,35_3C_MF,STEESE,35_3,3,C,M,F,FULL,N,NA,,343.12,
28,10_0C_MF,DALTON,10_0,0,C,M,F,5_10,Y,84,,11.67,
29,16_2SW_MF,DALTON,16_2,2,SW,M,F,FULL,N,NA,,316.8,
30,17_3C_MF,STEESE,17_3,3,C,M,F,FULL,N,NA,,388.35,
31,52_1SW_MF,DALTON,52_1,1,SW,M,F,5_10,Y,NA,,57.59,
32,14_3SW_MF,DALTON,14_3,3,SW,M,F,FULL,N,NA,,0,
33,52_1SW_MF,DALTON,52_1,1,SW,M,F,0_5,Y,NA,,14,
34,11_0NE_MF,DALTON,11_0,0,NE,M,F,10_15,Y,NA,,105.5,
35,4_2NE_MF,STEESE,4_2,2,NE,M,F,FULL,N,150,,256.19,
36,34_2SE_MF,STEESE,34_2,2,SE,M,F,FULL,N,NA,,376.81,
37,17_3NW_MF,STEESE,17_3,3,NW,M,F,FULL,N,NA,,360.14,
38,4_2SE_MF,STEESE,4_2,2,SE,M,F,FULL,N,149,,256.39,
39,5_1SE_MF,STEESE,5_1,1,SE,M,F,FULL,N,NA,,240.15,
40,55_3SE_MF,DALTON,55_3,3,SE,M,F,FULL,N,NA,,187.99,
41,12_1C_MF,DALTON,12_1,1,C,M,F,10_15,Y,NA,,48.47,
42,17_3NE_MF,STEESE,17_3,3,NE,M,F,FULL,N,NA,,358.11,
43,58_0SE_MF,DALTON,58_0,0,SE,M,F,10_15,Y,63,,90.08,
44,36_1NW_MF,STEESE,36_1,1,NW,M,F,FULL,N,NA,,282.53,
45,19_2SW_MF,STEESE,19_2,2,SW,M,F,FULL,N,32,,298.63,
46,50_1NE_MF,DALTON,50_1,1,NE,M,F,10_15,Y,NA,,98,
47,10_0NW_MF,DALTON,10_0,0,NW,M,F,0_5,Y,NA,,92.91,
48,58_0NE_MF,DALTON,58_0,0,NE,M,F,0_5,Y,NA,,118.18,
50,58_0NW_MF,DALTON,58_0,0,NW,M,F,5_10,Y,NA,,132.43,
51,42_1SW_MF,DALTON,42_1,1,SW,M,F,FULL,N,NA,,304.87,
52,15_3NW_MF,DALTON,15_3,3,NW,M,F,10_15,Y,NA,,102.29,
53,15_3C_MF,DALTON,15_3,3,C,M,F,10_15,Y,NA,,143.45,
54,56_2SE_MF,DALTON,56_2,2,SE,M,F,0_5,Y,NA,,87.57,
55,57_2NE_MF,DALTON,57_2,2,NE,M,F,0_5,Y,NA,,83.65,
56,58_0C_MF,DALTON,58_0,0,C,M,F,5_10,Y,NA,REDO,55.11,
57,22_3NW_MF,STEESE,22_3,3,NW,M,F,FULL,N,NA,,374.1,
58,57_2C_MF,DALTON,57_2,2,C,M,F,0_5,Y,NA,,70.14,
59,34_2SW_MF,STEESE,34_2,2,SW,M,F,FULL,N,60,,385.74,
60,28_1NW_MF,STEESE,28_1,1,NW,M,F,FULL,N,NA,,416.28,
61,57_2NW_MF,DALTON,57_2,2,NW,M,F,10_15,Y,NA,,7.27,
62,57_2NW_MF,DALTON,57_2,2,NW,M,F,5_10,Y,NA,,127.38,
63,37_3NE_MF,DALTON,37_3,3,NE,M,F,5_10,Y,NA,,146.45,
64,15_3SE_MF,DALTON,15_3,3,SE,M,F,10_15,Y,NA,,75.88,
65,20_1SW_MF,STEESE,20_1,1,SW,M,F,FULL,N,NA,,344.12,
66,15_3NE_MF,DALTON,15_3,3,NE,M,F,5_10,Y,NA,,123.29,
67,27_2NE_MF,STEESE,27_2,2,NE,M,F,FULL,N,NA,,270.22,
68,11_0NW_MF,DALTON,11_0,0,NW,M,F,0_5,Y,NA,,36.71,
69,7_3NE_MF,DALTON,7_3,3,NE,M,F,FULL,N,NA,,189.29,
70,36_1C_MF,STEESE,36_1,1,C,M,F,FULL,N,NA,,381.75,
71,23_3NW_MF,STEESE,23_3,3,NW,M,F,FULL,N,NA,,194.38,
72,16_2SE_MF,DALTON,16_2,2,SE,M,F,FULL,N,NA,,403.12,
73,57_2C_MF,DALTON,57_2,2,C,M,F,5_10,Y,NA,,116.5,
74,57_2NW_MF,DALTON,57_2,2,NW,M,F,0_5,Y,NA,,66.45,
75,57_2NE_MF,DALTON,57_2,2,NE,M,F,5_10,Y,NA,,103.06,
76,57_2SE_MF,DALTON,57_2,2,SE,M,F,0_5,Y,NA,,66.07,
77,32_2SE_MF,DALTON,32_2,2,SE,M,F,0_5,Y,NA,,33.08,
78,57_2NE_MF,DALTON,57_2,2,NE,M,F,10_15,Y,NA,,79.9,
79,56_2SW_MF,DALTON,56_2,2,SW,M,F,0_5,Y,NA,,84.57,
80,32_2C_MF,DALTON,32_2,2,C,M,F,0_5,Y,NA,,41.07,
81,56_2SW_MF,DALTON,56_2,2,SW,M,F,5_10,Y,NA,,127.6,
82,32_2NW_MF,DALTON,32_2,2,NW,M,F,10_15,Y,NA,,112.09,
83,32_2NW_MF,DALTON,32_2,2,NW,M,F,0_5,Y,NA,,76.54,
84,32_2SW_MF,DALTON,32_2,2,SW,M,F,0_5,Y,NA,,50.81,
85,32_2NW_MF,DALTON,32_2,2,NW,M,F,5_10,Y,NA,,67.49,
86,47_2C_MF,DALTON,47_2,2,C,M,F,0_5,Y,90,,31.43,
87,47_2NE_MF,DALTON,47_2,2,NE,M,F,5_10,Y,73,,70.44,
88,65_1NE_MF,DALTON,65_1,1,NE,M,F,10_15,Y,NA,,81.59,
89,47_2C_MF,DALTON,47_2,2,C,M,F,10_15,Y,NA,,58.15,
90,56_2NE_MF,DALTON,56_2,2,NE,M,F,0_5,Y,NA,,52.85,
91,47_2NW_MF,DALTON,47_2,2,NW,M,F,5_10,Y,33,NO COARSE,24,
92,56_2NW_MF,DALTON,56_2,2,NW,M,F,10_15,Y,NA,,110.96,
93,56_2NW_MF,DALTON,56_2,2,NW,M,F,0_5,Y,NA,,67.73,
94,47_2C_MF,DALTON,47_2,2,C,M,F,5_10,Y,6,,26.91,
95,56_2C_MF,DALTON,56_2,2,C,M,F,0_5,Y,NA,,71,
96,56_2SW_MF,DALTON,56_2,2,SW,M,F,10_15,Y,NA,,64.99,
97,56_2NW_MF,DALTON,56_2,2,NW,M,F,5_10,Y,NA,,76.85,
98,39_2NW_MF,DALTON,39_2,2,NW,M,F,FULL,N,49,21-Jun,367.76,
100,37_3SW_MF,DALTON,37_3,3,SW,M,F,5_10,Y,NA,NO COARSE,103.35,
101,15_3SE_MF,DALTON,15_3,3,SE,M,F,0_5,Y,NA,,87.12,
102,37_3NW_MF,DALTON,37_3,3,NW,M,F,10_15,Y,NA,,115.04,
103,37_3SE_MF,DALTON,37_3,3,SE,M,F,0_5,Y,NA,,109.68,
104,15_3NE_MF,DALTON,15_3,3,NE,M,F,0_5,Y,NA,,67.8,
105,15_3NW_MF,DALTON,15_3,3,NW,M,F,0_5,Y,NA,,41.52,
106,32_2SW_MF,DALTON,32_2,2,SW,M,F,5_10,Y,NA,,96.87,
107,32_2SE_MF,DALTON,32_2,2,SE,M,F,5_10,Y,NA,,55.82,
108,37_3NW_MF,DALTON,37_3,3,NW,M,F,0_5,Y,NA,,100.39,
109,32_2SE_MF,DALTON,32_2,2,SE,M,F,10_15,Y,NA,,128.55,
110,32_2SW_MF,DALTON,32_2,2,SW,M,F,10_15,Y,NA,,98.65,
111,32_2C_MF,DALTON,32_2,2,C,M,F,5_10,Y,NA,,75.94,
112,15_3SE_MF,DALTON,15_3,3,SW,M,F,0_5,Y,NA,,45.04,
113,15_3C_MF,DALTON,15_3,3,C,M,F,0_5,Y,NA,,69.75,
114,32_2C_MF,DALTON,32_2,2,C,M,F,10_15,Y,87,,86.16,
115,32_2NE_MF,DALTON,32_2,2,NE,M,F,0_5,Y,NA,,45.97,
116,32_3NE_MF,DALTON,32_2,2,NE,M,F,5_10,Y,NA,,49.91,
117,37_3SW_MF,DALTON,37_3,3,SW,M,F,0_5,Y,NA,,97.12,
118,57_2SW_MF,DALTON,57_2,2,SW,M,F,10_15,Y,NA,,95.31,
119,33_1SW_MF,STEESE,33_1,1,SW,M,F,FULL,N,NA,,339.46,
120,64_1SW_MF,DALTON,64_1,1,SW,M,F,5_10,Y,NA,,90.03,
121,11_0SW_MF,DALTON,11_0,0,SW,M,F,10_15,Y,121,NO COARSE,62.84,
122,52_1NE_MF,DALTON,52_1,1,NE,M,F,10_15,Y,NA,,71.46,
123,64_1C_MF,DALTON,64_1,1,C,M,F,5_10,Y,NA,,60.32,
124,64_1NE_MF,DALTON,64_1,1,NE,M,F,10_15,Y,NA,,116.11,
125,12_1NE_MF,DALTON,12_1,1,NE,M,F,0_5,Y,85,,18.94,
126,29_1SE_MF,STEESE,29_1,1,SE,M,F,FULL,N,99,,397.03,
127,54_3SE_MF,DALTON,54_3,3,SE,M,F,FULL,N,NA,,258.68,
128,65_1SW_MF,DALTON,65_1,1,SW,M,F,5_10,Y,NA,,64.86,
129,56_2NE_MF,DALTON,56_2,2,NE,M,F,5_10,Y,NA,,27.5,
130,37_3SW_MF,DALTON,37_3,3,SW,M,F,10_15,Y,NA,,133.58,
131,37_3_NE_MF,DALTON,37_3,3,NE,M,F,0_5,Y,NA,,109.41,
132,8_2C_MF,DALTON,8_2,2,C,M,F,FULL,N,NA,,261.25,
133,37_3_SE_MF,DALTON,37_3,3,SE,M,F,10_15,Y,NA,not enough coarse,108.53,
134,11_0NE_MF,DALTON,11_0,0,NE,M,F,5_10,Y,NA,NO COARSE,89.86,
135,37_3NW_MF,DALTON,37_3,3,NW,M,F,5_10,Y,NA,,126.76,
136,37_3C_MF,DALTON,37_3,3,C,M,F,5_10,Y,NA,,109.21,
137,37_3SE_MF,DALTON,37_3,3,SE,M,F,0_5,Y,NA,,106.32,
138,25_3_SW_MF,STEESE,25_3,3,SW,M,F,FULL,N,NA,,329.25,
139,4_2_SW_MF,STEESE,4_2,2,SW,M,F,FULL,N,84,,361.46,
140,17_3SW_MF,STEESE,17_3,3,SW,M,F,FULL,N,NA,,319.14,
141,12_1C_MF,DALTON,12_1,1,C,M,F,0_5,Y,NA,,37.69,
142,20_1SE_MF,STEESE,20_1,1,SE,M,F,FULL,N,NA,,277.85,
143,22_3NE_MF,STEESE,22_3,3,NE,M,F,FULL,N,81,,366.96,
144,5_1NE_MF,STEESE,5_1,1,NE,M,F,FULL,N,NA,,379.48,
145,44_0SE_MF,DALTON,44_0,0,SE,M,F,FULL,N,NA,,256.26,
146,54_3NW_MF,DALTON,54_3,3,NW,M,F,FULL,N,NA,,366.27,
147,19_2NE_MF,STEESE,19_2,2,NE,M,F,FULL,N,NA,,351.46,
148,47_2SE_MF,DALTON,47_2,2,SE,M,F,5_10,Y,12,,14.23,
149,47_2SE_MF,DALTON,47_2,2,SE,M,F,0_5,Y,25,NO COARSE,22.96,
150,42_1SE_MF,DALTON,42_1,1,SE,M,F,FULL,N,NA,,211.83,
151,10_0NE_MF,DALTON,10_0,0,NE,M,F,0_5,Y,NA,,109.33,
152,44_0NE_MF,DALTON,44_0,0,NE,M,F,FULL,N,NA,,150.84,
153,58_0C_MF,DALTON,58_0,0,C,M,F,0_5,Y,83,REDONE_DROP,17.23,
154,58_0NW_MF,DALTON,58_0,0,NW,M,F,0_5,Y,164,,122.23,
155,56_2C_MF,DALTON,56_2,2,C,M,F,5_10,Y,NA,,100.22,
156,37_3C_MF,DALTON,37_3,3,C,M,F,0_5,Y,NA,,138.57,
157,52_1NE_MF,DALTON,52_1,1,NE,M,F,5_10,Y,NA,,60.41,
158,50_1SE_MF,DALTON,50_1,1,SE,M,F,0_5,Y,NA,NO COARSE,72.87,
159,52_1SE_MF,DALTON,52_1,1,SE,M,F,10_15,Y,NA,,1.27,DUP
160,65_1NW_MF,DALTON,65_1,1,NW,M,F,10_15,Y,NA,,77.82,
161,11_0SE_MF,DALTON,11_0,0,SE,M,F,0_5,Y,NA,looks off - resolved,104.98,
162,50_1SW_MF,DALTON,50_1,1,SW,M,F,0_5,Y,NA,,47.44,
163,22_3SE_MF,STEESE,22_3,3,SE,M,F,FULL,N,69,,380.43,
164,12_1NW_MF,DALTON,12_1,1,NW,M,F,5_10,Y,NA,,117.24,
165,11_0NW_MF,DALTON,11_0,0,NW,M,F,10_15,Y,NA,,88.99,
166,64_1SW_MF,DALTON,64_1,1,SW,M,F,10_15,Y,NA,,78.55,
167,12_1SW_MF,DALTON,12_1,1,SW,M,F,0_5,Y,NA,,45.83,
168,41_1C_MF,DALTON,41_1,1,C,M,F,FULL,N,NA,,191.92,
169,26_2NW_MF,STEESE,26_2,2,NW,M,F,FULL,N,124,,347.23,
170,57_2SE_MF,DALTON,57_2,2,SE,M,F,10_15,Y,NA,,52.27,
171,57_2SE_MF,DALTON,57_2,2,SE,M,F,5_10,Y,NA,,85.85,
172,47_2NW_MF,DALTON,47_2,2,NW,M,F,0_5,Y,NA,,196.26,
173,15_3SW_MF,DALTON,15_3,3,SW,M,F,5_10,Y,NA,,110.59,
174,57_2SW_MF,DALTON,57_2,2,SW,M,F,0_5,Y,NA,,122.81,
175,56_2SE_MF,DALTON,56_2,2,SE,M,F,5_10,Y,NA,,82.01,
176,15_3SE_MF,DALTON,15_3,3,SE,M,F,5_10,Y,NA,,149.05,
177,15_3NE_MF,DALTON,15_3,3,NE,M,F,10_15,Y,NA,,70.55,
178,37_3C_MF,DALTON,37_3,3,C,M,F,10_15,Y,NA,,99.51,
179,15_3C_MF,DALTON,15_3,3,C,M,F,5_10,Y,NA,,101.15,
180,15_3NW_MF,DALTON,15_3,3,NW,M,F,5_10,Y,NA,,141.54,
181,52_1C_MF,DALTON,52_1,1,C,M,F,10_15,Y,NA,,68.32,
182,15_3SW_MF,DALTON,15_3,3,SW,M,F,10_15,Y,NA,,130.44,
183,57_2SW_MF,DALTON,57_2,2,SW,M,F,5_10,Y,NA,,133.95,
184,37_3NE_MF,DALTON,37_3,3,NE,M,F,10_15,Y,NA,,80.59,
185,28_1SW_MF,STEESE,28_1,1,SW,M,F,FULL,N,NA,,234.84,
186,57_2C_MF,DALTON,57_2,2,C,M,F,10_15,Y,NA,,119.88,
187,64_1NE_MF,DALTON,64_1,1,NE,M,F,5_10,Y,NA,,95.6,
188,3_2SE_MF,STEESE,3_2,2,SE,M,F,,N,NA,,354.78,
189,19_2C_MF,STEESE,19_2,2,C,M,F,,N,NA,,370.07,
190,33_1NW_MF,STEESE,33_1,1,NW,M,F,,N,NA,,326.76,
191,5_1SW_MF,STEESE,5_1,1,SW,M,F,,N,96,,201.31,
192,5_1NW_MF,STEESE,5_1,1,NW,M,F,,N,66,,298.93,
193,18_1SW_MF,STEESE,18_1,1,SW,M,F,,N,45,,329.41,
194,65_1C_MF,DALTON,65_1,1,C,M,F,0_5,Y,140,,91.4,
195,10_0SW_MF,DALTON,10_0,0,SW,M,F,0_5,Y,37,,91.39,
196,2_3NE_MF,STEESE,2_3,3,NE,M,F,,N,52,,255.14,
197,3_2NE_MF,STEESE,3_2,2,NE,M,F,,N,130,,310.78,
198,20_1NE_MF,STEESE,20_1,1,NE,M,F,,N,41,,352.24,
199,33_1C_MF,STEESE,33_1,1,C,M,F,,N,54,,400.09,
200,20_1NW_MF,STEESE,20_1,1,NW,M,F,,N,120,,291.41,
201,27_2SE_MF,STEESE,27_2,2,SE,M,F,,N,NA,,312.35,
202,4_2NW_MF,STEESE,4_2,2,NW,M,F,,N,58,,283.88,
203,26_2SW_MF,STEESE,26_2,2,SW,M,F,,N,119,,295.13,
204,18_1NW_MF,STEESE,18_1,1,NW,M,F,,N,137,,224.83,
205,2_3SE_MF,STEESE,2_3,3,SE,M,F,,N,141,,301.95,
206,26_2C_MF,STEESE,26_2,2,C,M,F,,N,72,,267.98,
207,29_1NE_MF,STEESE,29_1,1,NE,M,F,,N,51,,333.83,
208,27_2SW_MF,STEESE,27_2,2,SW,M,F,,N,92,,347.65,
209,26_2NE_MF,STEESE,26_2,2,NE,M,F,,N,127,,266.72,
210,23_3SE_MF,STEESE,23_3,3,SE,M,F,,N,126,,95.39,
211,65_1C_MF,DALTON,65_1,1,C,M,F,10_15,Y,81,,74.74,
212,12_1C_MF,DALTON,12_1,1,C,M,F,5_10,Y,70,,69.99,
213,40_2NW_MF,DALTON,40_2,2,NW,M,F,,N,36,,200.06,
214,35_3SW_MF,STEESE,35_3,3,SW,M,F,,N,200,,320.71,
215,8_2SW_MF,DALTON,8_2,2,SW,M,F,,N,136,Bag says 8_1,441,
216,29_1NW_MF,STEESE,29_1,1,NW,M,F,,N,91,,414.45,
217,44_0SW_MF,DALTON,44_0,0,SW,M,F,,N,138,,278.53,
218,50_1SE_MF,DALTON,50_1,1,SE,M,F,10_15,Y,154,NO COARSE,123.12,
219,18_1C_MF,STEESE,18_1,1,C,M,F,,N,78,,251.92,
220,11_0SE_MF,DALTON,11_0,0,SE,M,F,10_15,Y,26,,74.6,
221,65_1SW_MF,DALTON,65_1,1,SW,M,F,10_15,Y,12,,57.34,
222,52_1C_MF,DALTON,52_1,1,C,M,F,0_5,Y,NA,,71.44,
223,65_1SE_MF,DALTON,65_1,1,SE,M,F,5_10,Y,73,,28.37,
224,50_1SE_MF,DALTON,50_1,1,SE,M,F,5_10,Y,20,NO COARSE,112.3,
225,11_0C_MF,DALTON,11_0,0,C,M,F,10_15,Y,57,,92.82,
226,33_1SE_MF,STEESE,33_1,1,SE,M,F,,N,129,,374.61,
227,12_1SE_MF,DALTON,12_1,1,SE,M,F,5_10,Y,46,,52.15,
228,11_0SE_MF,DALTON,11_0,0,SE,M,F,0_5,Y,121,,76.5,
229,50_1C_MF,DALTON,50_1,1,C,M,F,10_15,Y,96,,112.32,
230,36_1SE_MF,STEESE,36_1,1,SE,M,F,,N,90,,337.95,
231,48_1NW_MF,DALTON,48_1,1,NW,M,F,,N,147,,237.09,
232,50_1NE_MF,DALTON,50_1,1,NE,M,F,5_10,Y,18,NO COARSE,77.48,
233,14_3C_MF,DALTON,14_3,3,C,M,F,,N,116,,325.5,
234,23_3NE_MF,STEESE,23_3,3,NE,M,F,,N,44,,288.13,
235,50_1C_MF,DALTON,50_1,1,C,M,F,5_10,Y,23,,76.25,
236,50_1SW_MF,DALTON,50_1,1,SW,M,F,10_15,Y,43,,69.66,
237,50_1C_MF,DALTON,50_1,1,C,M,F,0_5,Y,2,,59.65,
238,7_3NE_MF,DALTON,7_3,3,NE,M,C,,N,117,?,173.73,DUP
239,11_0C_MF,DALTON,11_0,0,C,M,F,5_10,Y,155,NO COARSE,104.31,
240,52_1NW_MF,DALTON,52_1,1,NW,M,F,0_5,Y,133,,115.31,
241,27_2NW_MF,STEESE,27_2,2,NW,M,F,,N,NA,,225.51,
242,3_2SW_MF,STEESE,3_2,2,SW,M,F,,N,63,,200.83,
243,11_0NW_MF,DALTON,11_0,0,NW,M,F,5_10,Y,147,,95.97,
244,33_1NE_MF,STEESE,33_1,1,NE,M,F,,N,76,,373.29,
245,24_3SE_MF,STEESE,24_3,3,SE,M,F,,N,120,,369.04,
246,55_3SW_MF,DALTON,55_3,3,SW,M,F,,N,115,,376.47,
247,35_3SE_MF,STEESE,35_3,3,SE,M,F,,N,133,,330.16,DUP
248,65_1NE_MF,DALTON,65_1,1,NE,M,F,0_5,Y,4,,78.24,
249,50_1SW_MF,DALTON,50_1,1,SW,M,F,5_10,Y,28,,43.04,
250,35_3SE_MF,STEESE,35_3,3,SE,M,F,,N,133,,330.16,DUP
251,8_2SE_MF,DALTON,8_2,2,SE,M,F,,N,152,,371.94,
252,3_2NW_MF,STEESE,3_2,2,NW,M,F,,N,NA,,284.3,
253,28_1C_MF,STEESE,28_1,1,C,M,F,,N,122,,242.75,
254,27_2C_MF,STEESE,27_2,2,C,M,F,,N,145,,167.97,
255,12_1NW_MF,DALTON,12_1,1,NW,M,F,0_5,Y,90,,42.42,
256,52_1SE_MF,DALTON,52_1,1,SE,M,F,5_10,Y,146,,67.51,
257,12_1SW_MF,DALTON,12_1,1,SW,M,F,5_10,Y,57,,141.72,
258,52_1NW_MF,DALTON,52_1,1,NW,M,F,10_15,Y,15,,71.33,
259,11_0SW_MF,DALTON,11_0,0,SW,M,F,5_10,Y,156,,55.83,
260,2_3C_MF,STEESE,2_3,3,C,M,F,,N,70,,413.84,
261,10_0C_MF,DALTON,10_0,0,C,M,F,10_15,Y,66,,80.07,
262,65_1SW_MF,DALTON,65_1,1,SW,M,F,0_5,Y,30,,51.93,
263,25_3NW_MF,STEESE,25_3,3,NW,M,F,,N,64,,366.64,
264,3_2C_MF,STEESE,3_2,2,C,M,F,,N,NA,,197.82,
265,54_3C_MF,DALTON,54_3,3,C,M,F,,N,112,,293.18,
266,12_1SW_MF,DALTON,12_1,1,SW,M,F,10_15,Y,144,NO COARSE,113.66,
267,64_1NE_MF,DALTON,64_1,1,NE,M,F,0_5,Y,33,,24.79,
268,50_1NW_MF,DALTON,50_1,1,NW,M,F,0_5,Y,124,,47.37,
269,12_1SE_MF,DALTON,12_1,1,SE,M,F,10_15,Y,106,,36.45,
270,64_1C_MF,DALTON,64_1,1,C,M,F,0_5,Y,55,,45.53,
271,65_1NW_MF,DALTON,65_1,1,NW,M,F,0_5,Y,95,,60.03,
272,64_1NW_MF,DALTON,64_1,1,NW,M,F,10_15,Y,29,,62.39,
273,11_0SW_MF,DALTON,11_0,0,SW,M,F,0_5,Y,134,,44.36,
274,12_1NE_MF,DALTON,12_1,1,NE,M,F,5_10,Y,52,,26.02,
275,17_3SE_MF,STEESE,17_3,3,SE,M,F,FULL,N,95,,349.66,
276,55_3NW_MF,DALTON,55_3,3,NW,M,F,FULL,N,131,,305.62,
277,64_1SW_MF,DALTON,64_1,1,SW,M,F,0_5,Y,17,,69.5,
278,14_3NE_MF,DALTON,14_3,3,NE,M,F,FULL,N,114,,396.09,
279,7_3C_MF,DALTON,7_3,3,C,M,F,FULL,N,79,,376.79,
280,24_3C_MF,STEESE,24_3,3,C,M,F,FULL,N,92,,346.05,
281,12_1NW_MF,DALTON,12_1,1,NW,M,F,10_15,Y,83,NO COARSE,46.39,
282,34_2C_MF,STEESE,34_2,2,C,M,F,FULL,N,122,,419.44,
283,10_0NW_MF,DALTON,10_0,0,NW,M,F,5_10,Y,97,,111.65,
284,50_1NW_MF,DALTON,50_1,1,NW,M,F,5_10,Y,40,,77.59,
285,52_1SE_MF,DALTON,52_1,1,SE,M,F,10_15,Y,128,,81.13,DUP
286,41_1SE_MF,DALTON,41_1,1,SE,M,F,FULL,N,65,,136.94,
287,8_2SW_MF,DALTON,8_2,2,SW,M,F,FULL,N,32,,374.15,
288,24_3NW_MF,STEESE,24_3,3,NW,M,F,FULL,N,50,,306.31,
289,64_1SE_MF,DALTON,64_1,1,SE,M,F,10_15,Y,41,,168.61,
290,25_3NE_MF,STEESE,25_3,3,NE,M,F,FULL,N,142,,367.17,
291,24_3NE_MF,STEESE,24_3,3,NE,M,F,FULL,N,102,,362.48,
292,35_3NE_MF,STEESE,35_3,3,NE,M,F,FULL,N,137,,333.25,
293,14_3SE_MF,DALTON,14_3,3,SE,M,F,FULL,N,118,,374.26,
294,40_2NE_MF,DALTON,40_2,2,NE,M,F,FULL,N,105,,153.93,
295,10_0SW_MF,DALTON,10_0,0,SW,M,F,10_15,Y,33,,87.53,
296,42_1NE_MF,DALTON,42_1,1,NE,M,F,FULL,N,70,,347.23,
297,39_2C_MF,DALTON,39_2,2,C,M,F,FULL,N,24,21-Jun,394.65,
298,65_1SE_MF,DALTON,65_1,1,SE,M,F,10_15,Y,126,NO COARSE,68.35,
299,34_2NE_MF,STEESE,34_2,2,NE,M,F,FULL,N,85,,249.71,
300,8_2NE_MF,DALTON,8_2,2,NE,M,F,FULL,N,124,,321.38,
301,40_2C_MF,DALTON,40_2,2,C,M,F,FULL,N,153,,253.2,
302,7_3NW_MF,DALTON,7_3,3,NW,M,F,FULL,N,139,,368.96,
303,35_3NW_MF,STEESE,35_3,3,NW,M,F,FULL,N,41,,256.51,
304,24_3SW_MF,STEESE,24_3,3,SW,M,F,FULL,N,139,,393.39,
305,14_3NW_MF,DALTON,14_3,3,NW,M,F,FULL,N,111,,309.77,
306,52_1SE_MF,DALTON,52_1,1,SE,M,F,0_5,Y,11,,51.78,
307,48_1SE_MF,DALTON,48_1,1,SE,M,F,FULL,N,43,,332.99,
308,39_2SE_MF,DALTON,39_2,2,SE,M,F,FULL,N,23,,414.96,
309,24_3SW_O,STEESE,24_3,3,SW,O,,,N,NA,,25.42,
310,22_3C_O,STEESE,22_3,3,C,O,,,N,,,13.28,
311,7_3C_O,DALTON,7_3,3,C,O,,,N,88,,12.02,
312,25_3C_O,STEESE,25_3,3,C,O,,,N,NA,,39.98,
313,35_3NW_O,STEESE,35_3,3,NW,O,,,N,NA,,6.86,
314,65_1SW_O,DALTON,65_1,1,SW,O,,,Y,13,,21.24,
315,24_3C_O,STEESE,24_3,3,C,O,,,N,NA,,3.35,
316,35_3SW_O,STEESE,35_3,3,SW,O,,,N,NA,,26.87,
317,32_2SW_MC,DALTON,32_2,2,SW,M,C,0_5,Y,78,,0,
318,15_3SE_MC,DALTON,15_3,3,SE,M,C,0_5,Y,4,,1.15,
319,15_3SW_MC,DALTON,15_3,3,SW,M,C,0_5,Y,17,,0,
320,11_0C_O,DALTON,11_0,0,C,O,,,Y,42,,9.68,
321,37_3SW_MC,DALTON,37_3,3,SW,M,C,10_15,Y,1,,0,
322,58_0NW_MC,DALTON,58_0,0,NW,M,C,0_5,Y,164,,0,
323,24_3NE_O,STEESE,24_3,3,NE,O,,,N,NA,,17.45,
324,57_2NE_O,DALTON,57_2,2,NE,O,,,Y,61,,80.61,
325,32_2SE_O,DALTON,32_2,2,SE,O,,,Y,91,,3.43,
326,39_2NE_O,DALTON,39_2,2,NE,O,,,N,94,REDONE_DROP,25.32,
327,37_3SW_O,DALTON,37_3,3,SW,O,,,Y,13,,19.69,
328,37_3NE_O,DALTON,37_3,3,NE,O,,,Y,62,,12.91,
329,37_3C_O,DALTON,37_3,3,C,O,,,Y,81,,1.79,
330,15_3SW_O,DALTON,15_3,3,SW,O,,,Y,107,,0.37,
331,42_1SE_MC,DALTON,42_1,1,SE,M,C,FULL,N,140,,136.78,
332,47_2C_MC,DALTON,47_2,2,C,M,C,5_10,Y,6,,0,
333,19_2NE_MC,STEESE,19_2,2,NE,M,C,FULL,N,108,,81.58,
334,26_2NW_MC,STEESE,26_2,2,NW,M,C, ,N,124,,114.93,
335,37_3NW_MC,DALTON,37_3,3,NW,M,C,10_15,Y,54,,0,
336,32_2SE_MC,DALTON,32_2,2,SE,M,C,10_15,Y,68,,9.56,
337,32_2NW_MC,DALTON,32_2,2,NW,M,C,0_5,Y,57,,0,
338,22_3NW_MC,STEESE,22_3,3,NW,M,C,FULL,N,43,,21.77,DUP
339,32_2C_MC,DALTON,32_2,2,C,M,C,0_5,Y,88,,0,
340,15_3NE_MC,DALTON,15_3,3,NE,M,C,0_5,Y,27,,0,
341,15_3NW_MC,DALTON,15_3,3,NW,M,C,0_5,Y,29,,40.66,
342,64_1NE_MC,DALTON,64_1,1,NE,M,C,10_15,Y,143,,11.9,
343,57_2SW_O,DALTON,57_2,2,SW,O,,,Y,60,,33.67,
344,56_2NE_MC,DALTON,56_2,2,NE,M,C,0_5,Y,28,,0,
345,56_2NW_MC,DALTON,56_2,2,NW,M,C,5_10,Y,24,,0,
346,32_2NW_MC,DALTON,32_2,2,NW,M,C,5_10,Y,61,,0,
347,11_0SE_MC,DALTON,11_0,0,SE,M,C,0_5,Y,121,,0,
348,15_3C_MC,DALTON,15_3,3,C,M,C,0_5,Y,3,,0,
349,8_2C_MC,DALTON,8_2,2,C,M,C,FULL,N,85,,6.95,
350,22_3NE_MC,STEESE,22_3,3,NE,M,C,FULL,N,81,,100,
351,35_3C_MC,STEESE,35_3,3,C,M,C,FULL,N,37,,69.37,
352,22_3SE_MC,STEESE,22_3,3,SE,M,C,FULL,N,69,,54.23,
353,52_1SE_MC,DALTON,52_1,1,SE,M,C,5_10,Y,146,,34.62,
354,52_1SE_MC,DALTON,52_1,1,SE,M,C,0_5,Y,11,,9.92,
355,58_0NE_MC,DALTON,58_0,0,NE,M,C,0_5,Y,79,,0,
356,44_0NE_MC,DALTON,44_0,0,NE,M,C,FULL,N,NA,,0,
357,54_3SE_MC,DALTON,54_3,3,SE,M,C,FULL,N,135,,126,
358,32_2NW_MC,DALTON,32_2,2,NW,M,C,10_15,Y,59,,10.65,
359,57_2SW_MC,DALTON,57_2,2,SW,M,C,10_15,Y,44,,0,
360,32_2SE_MC,DALTON,32_2,2,SE,M,C,0_5,Y,89,,0,
361,57_2NE_MC,DALTON,57_2,2,NE,M,C,5_10,Y,8,,0,
362,32_2SW_MC,DALTON,32_2,2,SW,M,C,5_10,Y,63,,0,
363,42_1SW_MC,DALTON,42_1,1,SW,M,C,FULL,N,7,,85.21,
364,40_2NW_MC,DALTON,40_2,2,NW,M,C,FULL,N,36,,102.6,
365,57_2NE_MC,DALTON,57_2,2,NE,M,C,10_15,Y,11,,0,
366,57_2SE_MC,DALTON,57_2,2,SE,M,C,0_5,Y,5,,0,
367,32_2C_MC,DALTON,32_2,2,C,M,C,10_15,Y,87,,16.64,
368,32_2NE_MC,DALTON,32_2,2,NE,M,C,0_5,Y,86,,0,
369,32_2C_MC,DALTON,32_2,2,C,M,C,5_10,Y,78,,28.56,
370,32_2NE_MC,DALTON,32_2,2,NE,M,C,5_10,Y,85,,14.75,
371,32_2SE_MC,DALTON,32_2,2,SE,M,C,5_10,Y,56,,0,
372,64_1SW_MC,DALTON,64_1,1,SW,M,C,10_15,Y,7,,0,
373,56_2C_O,DALTON,56_2,2,C,O,,,Y,65,REDONE_DROP,10.85,DUP
374,8_2NE_O,DALTON,8_2,2,NE,O,,,N,18,,10.53,
375,48_1NW_MC,DALTON,48_1,1,NW,M,C,FULL,N,147,,182.43,DUP
376,57_2NW_MC,DALTON,57_2,2,NW,M,C,0_5,Y,41,,0,
377,15_3NW_MC,DALTON,15_3,3,NW,M,C,5_10,Y,104,,0,
378,14_3SW_O,DALTON,14_3,3,SW,O,,,N,63,,0,DUP
379,57_2C_MC,DALTON,57_2,2,C,M,C,5_10,Y,40,,0,
380,11_0NW_MC,DALTON,11_0,0,NW,M,C,10_15,Y,136,,0,
381,19_2SW_O,STEESE,19_2,2,SW,O,,,N,NA,,38.34,DUP
382,52_1SW_MC,DALTON,52_1,1,SW,M,C,0_5,Y,1,,0,DUP
383,11_0NE_O,DALTON,11_0,0,NE,O,,,Y,130,,4.27,DUP
384,24_3SE_O,STEESE,24_3,3,SE,O,,,N,NA,,9.7,DUP
385,55_3SW_O,DALTON,55_3,3,SW,O,,,N,54,,0,
386,65_1SW_MC,DALTON,65_1,1,SW,M,C,5_10,Y,53,,0,
387,56_2C_MC,DALTON,56_2,2,C,M,C,0_5,Y,10,,0,
388,25_3SW_MC,STEESE,25_3,3,SW,M,C,,N,158,,99.24,
389,37_3SE_O,DALTON,37_3,3,SE,O,,,Y,20,,7.27,
390,20_1SE_MC,STEESE,20_1,1,SE,M,C,,N,37,,79.67,
391,4_2SW_MC,STEESE,4_2,2,SW,M,C,,N,84,,68.79,
392,52_1SE_MC,DALTON,52_1,1,SE,M,C,10_15,Y,128,,0,
393,5_1NE_MC,STEESE,5_1,1,NE,M,C,,N,74,,75.39,
394,52_1C_MC,DALTON,52_1,1,C,M,C,10_15,Y,158,,7.57,
395,15_3SW_MC,DALTON,15_3,3,SW,M,C,10_15,Y,55,,13.06,
396,28_1NW_MC,STEESE,28_1,1,NW,M,C,,N,139,,57.13,
397,4_2NE_MC,STEESE,4_2,2,NE,M,C,,N,150,,73.46,
398,15_3NE_MC,DALTON,15_3,3,NE,M,C,10_15,Y,42,,13.7,
399,15_3SE_MC,DALTON,15_3,3,SE,M,C,5_10,Y,112,,0,
400,19_2SE_MC,STEESE,19_2,2,SE,M,C,,N,NA,,29.29,
401,37_3C_MC,DALTON,37_3,3,C,M,C,0_5,Y,75,,0,
402,50_1SW_MC,DALTON,50_1,1,SW,M,C,0_5,Y,60,,0,
403,15_3SW_MC,DALTON,15_3,3,SW,M,C,5_10,Y,49,,0,
404,22_3SW_MC,STEESE,22_3,3,SW,M,C,,N,94,,63.83,
405,64_1NW_MC,DALTON,64_1,1,NW,M,C,0_5,Y,34,,0,
406,64_1SE_MC,DALTON,64_1,1,SE,M,C,0_5,Y,102,,2.68,
407,2_3C_MC,STEESE,2_3,3,C,M,C,,N,70,,27.87,
408,55_3C_MC,DALTON,55_3,3,C,M,C,,N,110,,4.76,
409,64_1NW_MC,DALTON,64_1,1,NW,M,C,5_10,Y,39,,0,
410,11_0SW_MC,DALTON,11_0,0,SW,M,C,0_5,Y,134,,0,
411,65_1C_MC,DALTON,65_1,1,C,M,C,5_10,Y,25,,0,
412,54_3SW_MC,DALTON,54_3,3,SW,M,C,,N,113,,27.91,
413,52_1NE_MC,DALTON,52_1,1,NE,M,C,10_15,Y,122,,63.71,
414,52_1SW_MC,DALTON,52_1,1,SW,M,C,10_15,Y,153,12.38,15.21,
415,65_1NE_MC,DALTON,65_1,1,NE,M,C,5_10,Y,142,,0,
416,37_3NE_MC,DALTON,37_3,3,NE,M,C,10_15,Y,113,,0,
417,55_3C_MC,DALTON,55_3,3,C,M,C,5_10,N,137,55_3 not seperated,,
418,47_2SE_MC,DALTON,47_2,2,SE,M,C,5_10,Y,12,,0,
420,37_3C_MC,DALTON,37_3,3,C,M,C,5_10,Y,76,,0,
421,65_1SE_MC,DALTON,65_1,1,SE,M,C,0_5,Y,127,,0,
422,22_3C_MC,STEESE,22_3,3,C,M,C,,N,53,,109.85,
423,65_1NW_MC,DALTON,65_1,1,NW,M,C,5_10,Y,49,,0,
424,57_2SW_MC,DALTON,57_2,2,SW,M,C,5_10,Y,50,,0,
425,16_2NW_MC,DALTON,16_2,2,NW,M,C,,N,130,,28.57,
426,52_1NW_MC,DALTON,52_1,1,NW,M,C,5_10,Y,152,,11.99,
427,20_1SW_MC,STEESE,20_1,1,SW,M,C,,N,130,,114.46,
428,28_1SE_MC,STEESE,28_1,1,SE,M,C,,N,104,,166.31,
429,3_2C_MC,STEESE,3_2,2,C,M,C,,N,NA,,271.98,
430,57_2SW_MC,DALTON,57_2,2,SW,M,C,0_5,Y,52,,0,
431,58_0C_MC,DALTON,58_0,0,C,M,C,0_5,Y,58,REDO,0.24,
432,58_0C_MC,DALTON,58_0,0,C,M,C,5_10,Y,106,REDO,0,
433,57_2NE_MC,DALTON,57_2,2,NE,M,C,0_5,Y,9,,0,
434,50_1NW_MC,DALTON,50_1,1,NW,M,C,10_15,Y,148,,0,
435,57_2SE_MC,DALTON,57_2,2,SE,M,C,5_10,Y,45,,0,
436,12_1NE_MC,DALTON,12_1,1,NE,M,C,0_5,Y,85,,0,
437,37_3NE_MC,DALTON,37_3,3,NE,M,C,0_5,Y,74,,0,
438,37_3SE_MC,DALTON,37_3,3,SE,M,C,0_5,Y,2,,0,
439,37_3NW_MC,DALTON,37_3,3,NW,M,C,0_5,Y,14,,0,
440,15_3C_MC,DALTON,15_3,3,C,M,C,5_10,Y,38,,0,
441,11_0C_MC,DALTON,11_0,0,C,M,C,10_15,Y,57,,0,
442,57_2NW_MC,DALTON,57_2,2,NW,M,C,5_10,Y,48,,0,
443,64_1NW_MC,DALTON,64_1,1,NW,M,C,10_15,Y,29,,0,
444,65_1SE_MC,DALTON,65_1,1,SE,M,C,5_10,Y,73,,0,
445,65_1NW_MC,DALTON,65_1,1,NW,M,C,10_15,Y,48,,0,
446,64_1NE_MC,DALTON,64_1,1,NE,M,C,5_10,Y,56,,0,
447,11_0NE_MC,DALTON,11_0,0,NE,M,C,10_15,Y,150,,0,
448,37_3SW_MC,DALTON,37_3,3,SW,M,C,0_5,Y,51,,0,
449,50_1SE_O,DALTON,50_1,1,SE,O,,,Y,104,,30.37,
450,47_2NW_O,DALTON,47_2,2,NW,O,,,Y,98,,35.95,
451,2_3C_O,STEESE,2_3,3,C,O,,,N,NA,,13.36,
452,47_2SW_MC?,DALTON,47_2,2,SW,M,C,0_5,Y,70,(MAYBE ORGANIC),24.08,
453,56_2SE_O,DALTON,56_2,2,SE,O,,,Y,116,,62.11,
454,56_2SW_O,DALTON,56_2,2,SW,O,,,Y,110,,16.76,
455,15_3SE_O,DALTON,15_3,3,SE,O,,,Y,111,,3.82,
456,47_2SW_O,DALTON,47_2,2,SW,O,,,Y,114,,45.03,
457,56_2C_O,DALTON,56_2,2,C,O,,,Y,108,REDO,8.01,
458,55_3NE_O,DALTON,55_3,3,NE,O,,,N,72,,0.21,
459,16_2NE_O,DALTON,16_2,2,NE,O,,,N,88,,15.13,
460,35_3SE_O,STEESE,35_3,3,SE,O,,,N,NA,,30.31,
461,57_2SE_O,DALTON,57_2,2,SE,O,,,Y,115,,37.16,
462,40_2NW_O,DALTON,40_2,2,NW,O,,,N,69,,24.91,
463,14_3NW_O,DALTON,14_3,3,NW,O,,,N,94,,10.33,
464,18_1NE_O,STEESE,18_1,1,NE,O,,,N,NA,,9.06,
465,34_2C_O,STEESE,34_2,2,C,O,,,N,NA,,20.56,
466,22_3NW_O,STEESE,22_3,3,NW,O,,,N,NA,,46.63,
467,44_0C_O,DALTON,44_0,0,C,O,,,N,133,,17.33,
468,23_3NE_O,STEESE,23_3,3,NE,O,,,N,NA,,23.22,
469,23_3NW_O,STEESE,23_3,3,NW,O,,,N,NA,,26.82,
470,26_2C_O,STEESE,26_2,2,C,O,,,N,NA,,14.06,
471,7_3NW_O,DALTON,7_3,3,NW,O,,,N,119,,3.16,
472,22_3SW_O,STEESE,22_3,3,SW,O,,,N,NA,,13.7,DUP
473,41_1NW_O,DALTON,41_1,1,NW,O,,,N,60,,6.88,
474,25_3SE_O,STEESE,25_3,3,SE,O,,,N,NA,,20.78,
475,16_2SW_O,DALTON,16_2,2,SW,O,,,N,103,,21.86,
476,47_2SE_O,DALTON,47_2,2,SE,O,,,Y,96,,10.71,
477,47_2C_O,DALTON,47_2,2,C,O,,,Y,105,,36.25,
478,2_3SW_O,STEESE,2_3,3,SW,O,,,N,NA,,6.42,
479,42_1NW_O,DALTON,42_1,1,NW,O,,,N,155,,12.31,
480,22_3NE_O,STEESE,22_3,3,NE,O,,,N,NA,,29.07,
481,33_1C_O,STEESE,33_1,1,C,O,,,N,NA,,20.55,
482,34_2NE_O,STEESE,34_2,2,NE,O,,,N,NA,,14.94,
483,58_0SE_O,DALTON,58_0,0,SE,O,,,Y,156,,18.82,
484,3_2C_O,STEESE,3_2,2,C,O,,,N,NA,,17.33,
485,29_1NE_O,STEESE,29_1,1,NE,O,,,N,NA,,13.16,
486,8_2NW_O,DALTON,8_2,2,NW,O,,,N,30,,2.15,
487,22_3SW_O,STEESE,22_3,3,SW,O,,,N,NA,,13.7,DUP
488,7_3NE_O,DALTON,7_3,3,NE,O,,,N,76,,13.63,
489,42_1C_O,DALTON,42_1,1,C,O,,,N,64,,13.06,
490,11_0SE_O,DALTON,11_0,0,SE,O,,,Y,58,,3.91,
491,54_3C_O,DALTON,54_3,3,C,O,,,N,47,,16.36,
492,28_1SW_O,STEESE,28_1,1,SW,O,,,N,125,,8.61,
493,48_1NE_O,DALTON,48_1,1,NE,O,,,N,NA,,18.18,
494,14_3NE_O,DALTON,14_3,3,NE,O,,,N,32,,13.69,
495,55_3NW_O,DALTON,55_3,3,NW,O,,,N,92,,2.77,
496,19_2C_O,STEESE,19_2,2,C,O,,,N,NA,,15.22,
497,44_0SW_O,DALTON,44_0,0,SW,O,,,N,39,,35.41,
498,5_1SW_O,STEESE,5_1,1,SW,O,,,N,NA,,17.47,
499,54_3NE_O,DALTON,54_3,3,NE,O,,,N,22,,21.35,
500,19_2NE_O,STEESE,19_2,2,NE,O,,,N,NA,,24.23,
501,52_1C_O,DALTON,52_1,1,C,O,,,Y,31,,19.97,
502,3_2NW_O,STEESE,3_2,2,NW,O,,,N,NA,,28.55,
503,29_1SE_O,STEESE,29_1,1,SE,O,,,N,NA,,35.44,
504,3_2SE_MC,STEESE,3_2,2,SE,M,C,,N,94,,73.75,
505,52_1NW_O,DALTON,52_1,1,NW,O,,,Y,8,,19.51,
506,52_1SE_O,DALTON,52_1,1,SE,O,,,Y,64,,34.42,
507,19_2SW_MC,STEESE,19_2,2,SW,M,C,,N,32,,116.75,
508,10_0NE_O,DALTON,10_0,0,NE,O,,,Y,108,,18.88,
509,4_2NE_O,STEESE,4_2,2,NE,O,,,N,NA,,18.43,
510,4_2SW_O,STEESE,4_2,2,SW,O,,,N,53,,28.66,
511,36_1SE_O,STEESE,36_1,1,SE,O,,,N,NA,,17.65,
512,19_2NW_O,STEESE,19_2,2,NW,O,,,N,NA,,16.55,
513,10_0SW_O,DALTON,10_0,0,SW,O,,,Y,55,,21.48,
514,3_2SW_O,STEESE,3_2,2,SW,O,,,N,NA,,31.55,
515,48_1SE_O,DALTON,48_1,1,SE,O,,,N,135,,16.62,
516,20_1SE_O,STEESE,20_1,1,SE,O,,,N,49,,81.35,
517,58_0SE_MC,DALTON,58_0,0,SE,M,C,10_15,Y,63,,0,
518,34_2SW_O,STEESE,34_2,2,SW,O,,,N,NA,,29.15,
519,18_1SW_MC,STEESE,18_1,1,SW,M,C,,N,45,,76.68,
520,33_1C_MC,STEESE,33_1,1,C,M,C,,N,34,,43.46,
521,20_1NW_MC,STEESE,20_1,1,NW,M,C,,N,120,,153.31,
522,17_3SE_O,STEESE,17_3,3,SE,O,,,N,NA,,26.81,
523,10_0NW_MC,DALTON,10_0,0,NW,M,C,10_15,Y,145,,0,
524,32_2SW_MC,DALTON,32_2,2,SW,M,C,10_15,Y,77,,22.24,
525,40_2NE_O,DALTON,40_2,2,NE,O,,,N,151,,27.53,
526,65_1C_MC,DALTON,65_1,1,C,M,C,0_5,Y,140,,0,
527,19_2NW_MC,STEESE,19_2,2,NW,M,C,,N,64,,144.49,
528,27_2NW_MC,STEESE,27_2,2,NW,M,C,,N,NA,,199.32,
529,34_2SW_MC,STEESE,34_2,2,SW,M,C,,N,60,,38.43,
530,64_1SE_MC,DALTON,64_1,1,SE,M,C,5_10,Y,99,,0,
531,29_1SW_MC,STEESE,29_1,1,SW,M,C,,N,42,,65.55,
532,19_2C_MC,STEESE,19_2,2,C,M,C,,N,106,,77.75,
533,18_1NE_MC,STEESE,18_1,1,NE,M,C,,N,45,,80.67,
534,65_1SW_MC,DALTON,65_1,1,SW,M,C,0_5,Y,30,,0,
535,12_1C_MC,DALTON,12_1,1,C,M,C,0_5,Y,78,,0,
536,10_0SW_MC,DALTON,10_0,0,SW,M,C,10_15,Y,33,,2.61,
537,2_3SE_MC,STEESE,2_3,3,SE,M,C,,N,141,,118.8,
538,27_2NE_O,STEESE,27_2,2,NE,O,,,N,NA,,50.54,
539,55_3SE_O,DALTON,55_3,3,SE,O,,,N,45,,0.53,
540,19_2SE_O,STEESE,19_2,2,SE,O,,,N,NA,,19.79,
541,26_2NE_O,STEESE,26_2,2,NE,O,,,N,NA,,13,
542,40_2SE_O,DALTON,40_2,2,SE,O,,,N,125,,12.85,
543,35_3C_O,STEESE,35_3,3,C,O,,,N,NA,,13.84,
544,33_1SE_MC,STEESE,33_1,1,SE,M,C,,N,129,,60.13,
545,19_2NW_MC,STEESE,19_2,2,NW,M,C,,N,64,,239.77,
546,27_2NE_MC,STEESE,27_2,2,NE,M,C,,N,123,,137.78,
547,40_2SW_O,DALTON,40_2,2,SW,O,,,N,96,,19.35,
548,17_3C_O,STEESE,17_3,3,C,O,,,N,NA,,10.34,
549,23_3C_O,STEESE,23_3,3,C,O,,,N,NA,,28.1,
551,52_1NE_MC,DALTON,52_1,1,NE,M,C,5_10,Y,120,,25.73,
552,14_3C_MC,DALTON,14_3,3,C,M,C,,N,116,,0,
553,40_2NE_MC,DALTON,40_2,2,NE,M,C,,N,105,,110.85,
554,8_2SW_MC,DALTON,8_2,2,SW,M,C,,N,32,,0,
555,14_3NW_MC,DALTON,14_3,3,NW,M,C,,N,111,,0,
556,23_3SE_MC,STEESE,23_3,3,SE,M,C,,N,126,,178.33,
557,22_3NW_MC,STEESE,22_3,3,NW,M,C,,N,43,,21.77,DUP
558,20_1C_MC,STEESE,20_1,1,C,M,C,,N,95,,72.04,
559,42_1NE_MC,DALTON,42_1,1,NE,M,C,,N,70,,31.06,
560,20_1NW_O,STEESE,20_1,1,NW,O,,,N,NA,,55.21,
561,11_0SW_O,DALTON,11_0,0,SW,O,,,Y,14,,20.22,
562,24_3NW_O,STEESE,24_3,3,NW,O,,,N,NA,,42.92,
563,58_0C_O,DALTON,58_0,0,C,O,,,Y,57,,30.78,
564,57_2C_O,DALTON,57_2,2,C,O,,,Y,101,,13.99,
565,4_2NW_O,STEESE,4_2,2,NW,O,,,N,NA,,29.24,
566,33_1NE_O,STEESE,33_1,1,NE,O,,,N,NA,,11.31,
567,44_0NW_O,DALTON,44_0,0,NW,O,,,N,62,,9.27,
568,3_2NE_O,STEESE,3_2,2,NE,O,,,N,56,,13.99,
569,36_1SW_O,STEESE,36_1,1,SW,O,,,N,NA,,26.86,
570,50_1NW_MC,DALTON,50_1,1,NW,M,C,0_5,Y,124,,0,
571,11_0NW_O,DALTON,11_0,0,NW,O,,,Y,21,,13.03,
572,27_2NW_O,STEESE,27_2,2,NW,O,,,N,NA,,38.33,
573,65_1SE_O,DALTON,65_1,1,SE,O,,,Y,65,,12.92,
574,33_1NW_MC,STEESE,33_1,1,NW,M,C,,N,97,,71.22,
575,5_1SW_MC,STEESE,5_1,1,SW,M,C,,N,96,,0,
576,24_3NE_MC,STEESE,24_3,3,NE,M,C,,N,102,,28.75,
577,41_1SE_MC,DALTON,41_1,1,SE,M,C,,N,65,,231.77,
578,40_2C_MC,DALTON,40_2,2,C,M,C,,N,153,,96.65,
579,3_2NW_MC,STEESE,3_2,2,NW,M,C,,N,NA,,160.25,
580,10_0SE_O,DALTON,10_0,0,SE,O,,,Y,35,,10.44,
581,27_2SW_MC,STEESE,27_2,2,SW,M,C,,N,92,,65.51,
582,35_3SE_MC,STEESE,35_3,3,SE,M,C,,N,133,,83.04,
583,24_3C_MC,STEESE,24_3,3,C,M,C,,N,92,,88.45,
584,55_3NW_MC,DALTON,55_3,3,NW,M,C,,N,131,,12.31,
585,54_3C_MC,DALTON,54_3,3,C,M,C,,N,112,,49.46,
586,8_2NE_MC,DALTON,8_2,2,NE,M,C,,N,124,,0,
587,4_2NW_MC,STEESE,4_2,2,NW,M,C,,N,58,,107.58,
588,26_2C_MC,STEESE,26_2,2,C,M,C,,N,72,,128.11,
589,64_1C_MC,DALTON,64_1,1,C,M,C,0_5,Y,55,,24.63,
590,7_3C_MC,DALTON,7_3,3,C,M,C,,N,79,,0,
591,8_2SW_MC,DALTON,8_2,2,SW,M,C,,N,136,Bag says 8_1,30.49,
592,10_0SW_MC,DALTON,10_0,0,SW,M,C,0_5,Y,57,,0,
593,4_2SE_MC,STEESE,4_2,2,SE,M,C,,N,149,,47.88,
594,52_1C_MC,DALTON,52_1,1,C,M,C,0_5,Y,NA,,8.51,
595,3_2NE_MC,STEESE,3_2,2,NE,M,C,,N,130,,74.12,
596,14_3SE_MC,DALTON,14_3,3,SE,M,C,,N,118,,0,
597,24_3NW_MC,STEESE,24_3,3,NW,M,C,,N,50,,105.77,
598,48_1NW_MC,DALTON,48_1,1,NW,M,C,,N,147,,182.43,DUP
599,28_1C_MC,STEESE,28_1,1,C,M,C,,N,122,,206.86,
600,2_3NE_MC,STEESE,2_3,3,NE,M,C,,N,52,,0,
601,25_3NE_MC,STEESE,25_3,3,NE,M,C,,N,142,,16.85,
602,36_1NW_MC,STEESE,36_1,1,NW,M,C,,N,121,,121.89,
603,3_2SW_MC,STEESE,3_2,2,SW,M,C,,N,63,,193.66,
604,7_3NW_MC,DALTON,7_3,3,NW,M,C,,N,139,,0,
605,8_2SE_MC,DALTON,8_2,2,SE,M,C,,N,152,,1.01,
606,14_3NE_MC,DALTON,14_3,3,NE,M,C,,N,114,,0,
607,64_1SE_MC,DALTON,64_1,1,SE,M,C,10_15,Y,41,,0,
608,52_1SE_MC,DALTON,52_1,1,SE,M,C,10_15,Y,128,,97.89,
609,44_0SE_MC,DALTON,44_0,0,SE,M,C,,N,101,,5.19,
610,35_3NW_MC,STEESE,35_3,3,NW,M,C,,N,41,,150.29,
611,65_1NE_MC,DALTON,65_1,1,NE,M,C,10_15,Y,86,,0,
612,10_0C_MC,DALTON,10_0,0,C,M,C,10_15,Y,66,,0,
613,14_3SE_O,DALTON,14_3,3,SE,O,,,N,69,,4.65,
614,52_1NW_MC,DALTON,52_1,1,NW,M,C,10_15,Y,15,,0,
615,24_3SW_MC,STEESE,24_3,3,SW,M,C,,N,139,,0.04,
616,34_2C_MC,STEESE,34_2,2,C,M,C,,N,122,,0,
617,55_3SW_MC,DALTON,55_3,3,SW,M,C,,N,115,,6.56,
618,25_3NW_MC,STEESE,25_3,3,NW,M,C,,N,64,,17.87,
619,48_1SE_MC,DALTON,48_1,1,SE,M,C,,N,43,,0,
620,65_1C_MC,DALTON,65_1,1,C,M,C,10_15,Y,81,,0,
621,24_3SE_MC,STEESE,24_3,3,SE,M,C,,N,120,,54.54,
622,35_3NE_MC,STEESE,35_3,3,NE,M,C,,N,137,,87.69,
623,29_1NE_MC,STEESE,29_1,1,NE,M,C,,N,51,,103.66,
624,26_2NE_MC,STEESE,26_2,2,NE,M,C,,N,127,,66.71,
625,18_1C_MC,STEESE,18_1,1,C,M,C,,N,78,,9.85,
626,11_0SE_MC,DALTON,11_0,0,SE,M,C,10_15,Y,26,,0,
627,12_1C_MC,DALTON,12_1,1,C,M,C,5_10,Y,70,,0,
628,65_1NE_MC,DALTON,65_1,1,NE,M,C,0_5,Y,4,,5.49,
629,52_1NW_MC,DALTON,52_1,1,NW,M,C,0_5,Y,133,,30.11,
630,18_1NW_MC,STEESE,18_1,1,NW,M,C,,N,157,,105.26,
631,64_1SW_MC,DALTON,64_1,1,SW,M,C,0_5,Y,17,,5.93,
632,2_3NW_O,STEESE,2_3,3,NW,O,,,N,NA,,25.17,
633,5_1C_O,STEESE,5_1,1,C,O,,,N,NA,,15.36,
634,26_2SW_MC,STEESE,26_2,2,SW,M,C,,N,119,,89.88,
635,17_3SW_MC,STEESE,17_3,3,SW,M,C,,N,125,,113.69,
636,54_3NW_MC,DALTON,54_3,3,NW,M,C,,N,19,,4.1,
637,64_1SW_MC,DALTON,64_1,1,SW,M,C,5_10,Y,35,,0,
638,12_1SW_O,DALTON,12_1,1,SW,O,,,Y,NA,,3.58,
639,29_1NW_O,STEESE,29_1,1,NW,O,,,N,NA,,8.18,
640,5_1SE_MC,STEESE,5_1,1,SE,M,C,,N,NA,,164.83,
641,8_2NE_O,DALTON,8_2,2,NE,O,,,N,18,,,
642,48_1SW_O,DALTON,48_1,1,SW,O,,,N,98,,22.45,
643,50_1C_O,DALTON,50_1,1,C,O,,,Y,6,,34.7,
644,44_0SE_O,DALTON,44_0,0,SE,O,,,N,28,,24.77,
645,16_2NW_O,DALTON,16_2,2,NW,O,,,N,61,,33.86,
646,28_1SE_O,STEESE,28_1,1,SE,O,,,N,NA,,16.58,
647,27_2C_MC,STEESE,27_2,2,C,M,C,,N,145,,133.49,
648,56_2C_O,DALTON,56_2,2,C,O,,,Y,65,,10.85,DUP
649,12_1C_O,DALTON,12_1,1,C,O,,,Y,91,,10.3,
650,56_2NE_O,DALTON,56_2,2,NE,O,,,Y,92,,10.02,
651,27_2SE_MC,STEESE,27_2,2,SE,M,C,,N,NA,,106.58,
652,12_1NW_MC,DALTON,12_1,1,NW,M,C,5_10,Y,82,,0,
653,12_1SW_MC,DALTON,12_1,1,SW,M,C,5_10,Y,46,,0,DUP
654,39_2NE_O,DALTON,39_2,2,NE,O,,,N,107,21-Jun,20.84,
655,24_3SE_O,STEESE,24_3,3,SE,O,,,N,NA,,9.7,DUP
656,50_1SW_MC,DALTON,50_1,1,SW,M,C,10_15,Y,43,,0,
657,3_2SE_O,STEESE,3_2,2,SE,O,,,N,NA,,28.95,
658,20_1C_O,STEESE,20_1,1,C,O,,,N,NA,,25.31,
659,22_3SE_O,STEESE,22_3,3,SE,O,,,N,NA,,38.05,
660,20_1SW_O,STEESE,20_1,1,SW,O,,,N,142,,45.82,
661,17_3SE_MC,STEESE,17_3,3,SE,M,C,,N,95,,57.8,
662,17_3NE_MC,STEESE,17_3,3,NE,M,C,,N,123,,69.7,
663,58_0NE_O,DALTON,58_0,0,NE,O,,,Y,162,,37.19,
664,48_1SW_MC,DALTON,48_1,1,SW,M,C,,N,163,,121.05,
665,16_2NE_MF,DALTON,16_2,2,NE,M,F,,N,82,,294.9,
666,8_2NW_MF,DALTON,8_2,2,NW,M,F,,N,1,,280.68,
667,8_2NW_MC,DALTON,8_2,2,NW,M,C,,N,1,,28.59,
668,18_1SE_O,STEESE,18_1,1,SE,O,,,N,NA,,16.74,
669,2_3NW_MF,STEESE,2_3,3,NW,M,F,,N,46,"2 OF THESE, DIFF #S",348,
670,25_3SE_MF,STEESE,25_3,3,SE,M,F,,N,56,,313.8,
671,23_3SW_MF,STEESE,23_3,3,SW,M,F,,N,143,,233.03,
672,23_3SW_MC,STEESE,23_3,3,SW,M,C,,N,NA,,194.57,
673,25_3SE_MC,STEESE,25_3,3,SE,M,C,,N,56,,97.15,
674,36_1C_O,STEESE,36_1,1,C,O,,,N,NA,,20.92,
675,33_1NW_O,STEESE,33_1,1,NW,O,,,N,NA,,18.93,
676,16_2NE_MC,DALTON,16_2,2,NE,M,C,,N,82,,73.48,
677,23_3C_MF,STEESE,23_3,3,C,M,F,,N,48,,206.82,
678,23_3C_MC,STEESE,23_3,3,C,M,C,,N,NA,,209.72,
679,18_1SE_MC,STEESE,18_1,1,SE,M,C,,N,77,,144.06,
680,48_1SW_MF,DALTON,48_1,1,SW,M,F,,N,163,,256.35,
681,40_2SE_MC,DALTON,40_2,2,SE,M,C,,N,129,,132.11,
682,40_2SE_MF,DALTON,40_2,2,SE,M,F,,N,129,,229.36,
683,39_2NW_O,DALTON,39_2,2,NW,O,,,N,40,21-Jun,13.16,
684,39_2SE_O,DALTON,39_2,2,SE,O,,,N,166,21-Jun,19.84,
685,18_1NW_O,STEESE,18_1,1,NW,O,,,N,NA,,11.61,
686,41_1SW_MC,DALTON,41_1,1,SW,M,C,,N,NA,,198.37,
687,2_3NE_O,STEESE,2_3,3,NE,O,,,N,NA,,25.54,
688,36_1NW_O,STEESE,36_1,1,NW,O,,,N,NA,,19.03,
689,12_1NW_O,DALTON,12_1,1,NW,O,,,Y,98,,10.3,
690,20_1NE_MC,STEESE,20_1,1,NE,M,C,,N,41,,98.88,
691,65_1NW_MC,DALTON,65_1,1,NW,M,C,0_5,Y,95,DOUBLE CHECK C,0,
692,35_3SW_MC,STEESE,35_3,3,SW,M,C,,N,200,,86.56,
693,29_1SE_MC,STEESE,29_1,1,SE,M,C,,N,99,,70.74,
694,17_3NW_MC,STEESE,17_3,3,NW,M,C,,N,49,,70.11,
695,25_3C_MC,STEESE,25_3,3,C,M,C,,N,53,,86.72,
696,18_1SE_MF,STEESE,18_1,1,SE,M,F,,N,77,,229.28,
697,23_3SE_O,STEESE,23_3,3,SE,O,,,N,NA,,38.32,
698,52_1SW_MC,DALTON,52_1,1,SW,M,C,5_10,Y,138,,44.55,
699,15_3NE_MC,DALTON,15_3,3,NE,M,C,5_10,Y,36,,0,
700,52_1NE_MC,DALTON,52_1,1,NE,M,C,0_5,Y,74,,13.98,
701,29_1SW_MF,STEESE,29_1,1,SW,M,F,,N,42,,397.95,
702,42_1NW_MC,DALTON,42_1,1,NW,M,C,,N,146,,203.41,
703,39_2NE_MF,DALTON,39_2,2,NE,M,F,,N,3,,212.38,
704,36_1SW_MF,STEESE,36_1,1,SW,M,F,,N,88,,138.89,
705,39_2NE_MC,DALTON,39_2,2,NE,M,C,,N,3,,65.06,
706,44_0C_MC,DALTON,44_0,0,C,M,C,,N,14,,88.04,
707,44_0C_MF,DALTON,44_0,0,C,M,F,,N,14,,218.35,
708,36_1SW_MC,STEESE,36_1,1,SW,M,C,,N,88,,181.24,
709,42_1NW_MF,DALTON,42_1,1,NW,M,F,,N,146,,158.82,
710,26_2SE_MC,STEESE,26_2,2,SE,M,C,,N,140,,215.23,
711,4_2SE_O,STEESE,4_2,2,SE,O,,,N,55,,46.7,
712,41_1SW_MF,DALTON,41_1,1,SW,M,F,,N,NA,,18.09,
713,33_1SW_MC,STEESE,33_1,1,SW,M,C,,N,47,,84.04,
714,12_1NW_MC,DALTON,12_1,1,NW,M,C,0_5,Y,90,,0,
715,4_2C_O,STEESE,4_2,2,C,O,,,N,NA,,6.39,
716,26_2SE_MF,STEESE,26_2,2,SE,M,F,,N,140,,192.01,
717,34_2NW_MF,STEESE,34_2,2,NW,M,F,,N,67,,200.88,
718,7_3NE_MC,DALTON,7_3,3,NE,M,C,,N,117,,173.73,DUP
719,40_2C_O,DALTON,40_2,2,C,O,,,N,52,,0,
720,48_1NW_O,DALTON,48_1,1,NW,O,,,N,120,,26.53,
721,33_1NE_MC,STEESE,33_1,1,NE,M,C,,N,76,,65.27,
722,15_3C_MC,DALTON,15_3,3,C,M,C,10_15,Y,7,,0,
723,50_1C_MC,DALTON,50_1,1,C,M,C,0_5,Y,2,,0,
724,28_1SW_MC,STEESE,28_1,1,SW,M,C,,N,148,,60.55,
725,16_2SW_MC,DALTON,16_2,2,SW,M,C,,N,47,,19.76,
726,5_1NW_MC,STEESE,5_1,1,NW,M,C,,N,66,,194.75,
727,17_3C_MC,STEESE,17_3,3,C,M,C,,N,108,,34.66,
728,34_2NW_MC,STEESE,34_2,2,NW,M,C,,N,107,,100.45,
729,29_1NW_MC,STEESE,29_1,1,NW,M,C,,N,91,,16.08,
730,55_3SE_MC,DALTON,55_3,3,SE,M,C,,N,97,,103.19,
731,64_1C_MC,DALTON,64_1,1,C,M,C,5_10,Y,71,,0,
732,36_1SE_MC,STEESE,36_1,1,SE,M,C,,N,90,,110.71,
733,64_1C_O,DALTON,64_1,1,C,O,,,Y,108,,19.52,
734,34_2NE_MC,DALTON,34_2,2,NE,M,C,,N,85,,83.72,
735,10_0C_MC,DALTON,10_0,0,C,M,C,5_10,Y,84,,0,
736,11_0SE_MC,DALTON,11_0,0,SE,M,C,0_5,Y,149,,0,
737,10_0NW_MC,DALTON,10_0,0,NW,M,C,5_10,Y,97,,0,
738,57_2C_MC,DALTON,57_2,2,C,M,C,0_5,Y,19,,0,
739,58_0NW_O,DALTON,58_0,0,NW,O,,,Y,81,,20.35,
740,41_1C_MC,DALTON,41_1,1,C,M,C,,N,93,,186.3,
741,12_1SE_O,DALTON,12_1,1,SE,O,,,Y,38,,32.62,
742,29_1SW_O,STEESE,29_1,1,SW,O,,,N,NA,,5.89,
743,42_1SW_O,DALTON,42_1,1,SW,O,,,N,16,,15.09,
744,16_2SE_MC,DALTON,16_2,2,SE,M,C,,N,132,,0,
745,28_1NE_O,STEESE,28_1,1,NE,O,,,N,137,,12.11,
746,2_3SE_O,STEESE,2_3,3,SE,O,,,N,NA,,7.92,
747,54_3NE_MC,DALTON,54_3,3,NE,M,C,,N,51,,135.86,
748,54_3NE_MF,DALTON,54_3,3,NE,M,F,,N,51,,236.46,
749,7_3SW_MC,DALTON,7_3,3,SW,M,C,,N,68,,77.57,
750,7_3SW_MF,DALTON,7_3,3,SW,M,F,,N,68,,195.32,
751,5_1NW_O,STEESE,5_1,1,NW,O,,,N,NA,,10.03,
752,34_2NW_O,STEESE,34_2,2,NW,O,,,N,NA,,38.11,
753,34_2SE_MC,STEESE,34_2,2,SE,M,C,,N,156,,65.62,
754,14_3C_O,DALTON,14_3,3,C,O,,,N,36,,0.94,
755,14_3SW_O,DALTON,14_3,3,SW,O,,,N,62,,0,DUP
756,12_1SE_MC,DALTON,12_1,1,SE,M,C,10_15,Y,106,,0,
757,10_0NW_MC,DALTON,10_0,0,NW,M,C,0_5,Y,141,,0,
758,20_1NE_O,STEESE,20_1,1,NE,O,,,N,NA,,22.67,
759,12_1SW_MC,DALTON,12_1,1,SW,M,C,5_10,Y,57,,0,DUP
760,12_1C_MC,DALTON,12_1,1,C,M,C,10_15,Y,44,,0,
761,5_1NE_O,STEESE,5_1,1,NE,O,,,N,60,,23.46,
762,11_0NE_O,DALTON,11_0,0,NE,O,,,Y,130,,4.27,DUP
763,11_0C_MC,DALTON,11_0,0,C,M,C,0_5,Y,129,,0,
764,10_0NE_MC,DALTON,10_0,0,NE,M,C,0_5,Y,104,,0,
765,48_1C_MC,DALTON,48_1,1,C,M,C,,N,17,,170.03,
766,48_1C_MF,DALTON,48_1,1,C,M,F,,N,17,,191.22,
767,41_1NE_MF,DALTON,41_1,1,NE,M,F,,N,13,,103.26,
768,10_0C_MC,DALTON,10_0,0,C,M,C,0_5,Y,80,,39,
769,10_0C_MF,DALTON,10_0,0,C,M,F,0_5,Y,80,,50.38,
770,10_0NE_MC,DALTON,10_0,0,NE,M,C,10_15,Y,161,,13.05,
771,10_0NE_MF,DALTON,10_0,0,NE,M,F,10_15,Y,161,,95.51,
772,15_3NW_O,DALTON,15_3,3,NW,O,,,Y,80,,2.35,
773,56_2NW_O,DALTON,56_2,2,NW,O,,,Y,66,,16.49,
774,65_1NE_O,DALTON,65_1,1,NE,O,,,Y,27,,15.77,
775,39_2SW_O,DALTON,39_2,2,SW,O,,,N,95,REDONE_DROP,11.4,
776,8_2SE_O,DALTON,8_2,2,SE,O,,,N,144,,8.28,
777,39_2SW_O,DALTON,39_2,2,SW,O,,,N,71,21-Jun,19.57,
778,33_1SW_O,STEESE,33_1,1,SW,O,,,N,NA,,18.14,
779,39_2SE_O,DALTON,39_2,2,SE,O,,,N,106,REDONE_DROP,16.36,
780,32_2NE_O,DALTON,32_2,2,NE,O,,,Y,64,,6.07,
781,65_1SW_MC,DALTON,65_1,1,SW,M,C,10_15,Y,12,,0,
782,50_1NE_O,DALTON,50_1,1,NE,O,,,Y,105,,25.35,
783,47_2NE_O,DALTON,47_2,2,NE,O,,,Y,102,,12.48,
784,65_1C_O,DALTON,65_1,1,C,O,,,Y,80,,14.71,
785,64_1SE_O,DALTON,64_1,1,SE,O,,,Y,62,,21.91,
786,32_2NW_O,DALTON,32_2,2,NW,O,,,Y,71,,0,
787,64_1NE_MC,DALTON,64_1,1,NE,M,C,0_5,Y,33,,39.13,
788,10_0C_O,DALTON,10_0,0,C,O,,,Y,59,,13.68,
789,8_2SW_O,DALTON,8_2,2,SW,O,,,N,75,,6.51,
790,42_1C_MF,DALTON,42_1,1,C,M,F,,N,78,,118.57,
791,16_2C_MF,DALTON,16_2,2,C,M,F,,N,NA,,229.59,
792,2_3SW_MF,STEESE,2_3,3,SW,M,F,,N,100,,200.03,
793,55_3NE_MF,DALTON,55_3,3,NE,M,F,,N,NA,,100.19,
794,2_3NW_MC,STEESE,2_3,3,NW,M,C,,N,46,,125.53,
795,58_0SE_MC,DALTON,58_0,0,SE,M,C,5_10,Y,77,,49.79,
796,58_0SE_MF,DALTON,58_0,0,SE,M,F,5_10,Y,77,,33.24,
797,42_1C_MC,DALTON,42_1,1,C,M,C,,N,NA,,171.05,
798,16_2C_MC,DALTON,16_2,2,C,M,C,,N,NA,,145.36,
799,2_3SW_MC,STEESE,2_3,3,SW,M,C,,N,100,,212.88,
800,55_3NE_MC,DALTON,55_3,3,NE,M,C,,N,NA,,222.81,
801,36_1C_MC,STEESE,36_1,1,C,M,C,,N,155,,86.16,
802,16_2SE_O,DALTON,16_2,2,SE,O,,,N,154,,3.12,
803,11_0NW_M,DALTON,11_0,0,NW,M,C,0_5,Y,145,COARSE - FIXED,0,
804,44_0SW_MC,DALTON,44_0,0,SW,M,C,,N,138,,0,
805,23_3NW_MC,STEESE,23_3,3,NW,M,C,,N,59,,104.78,
806,52_1NE_O,DALTON,52_1,1,NE,O,,,Y,10,,27.67,
807,15_3C_O,DALTON,15_3,3,C,O,,,Y,15,,10.81,
808,48_1C_O,DALTON,48_1,1,C,O,,,N,121,,10.84,
809,39_2NW_O,DALTON,39_2,2,NW,O,,,N,93,REDONE_DROP,20.43,
810,54_3SE_O,DALTON,54_3,3,SE,O,,,N,3,,36.04,
811,28_1NW_O,STEESE,28_1,1,NW,O,,,N,69,,34.02,
812,56_2NW_MC,DALTON,56_2,2,NW,M,C,0_5,Y,32,,0,
813,18_1SW_O,STEESE,18_1,1,SW,O,,,N,NA,,2.69,
814,32_2C_O,DALTON,32_2,2,C,O,,,Y,97,,4.01,
815,15_3NE_O,DALTON,15_3,3,NE,O,,,Y,99,,1.39,
816,11_0SW_MC,DALTON,11_0,0,SW,M,C,5_10,Y,156,,0.84,
817,12_1SW_MC,DALTON,12_1,1,SW,M,C,0_5,Y,77,,0,
818,11_0NW_MC,DALTON,11_0,0,NW,M,C,5_10,Y,147,,0,
819,36_1NE_O,STEESE,36_1,1,NE,O,,,N,NA,,62.09,
820,50_1SW_MC,DALTON,50_1,1,SW,M,C,5_10,Y,28,,0,
821,52_1SW_O,DALTON,52_1,1,SW,O,,,Y,123,,36.78,
822,58_0NW_MC,DALTON,58_0,0,NW,M,C,10_15,Y,NA,,12.24,
823,11_0C_MF,DALTON,11_0,0,C,M,F,0_5,Y,129,,100.28,
824,58_0NW_MF,DALTON,58_0,0,NW,M,F,10_15,Y,46,,66.64,
825,36_1NE_MF,STEESE,36_1,1,NE,M,F,,N,161,,184.97,
826,36_1NE_MC,STEESE,36_1,1,NE,M,C,,N,161,,259.3,
827,5_1SE_O,STEESE,5_1,1,SE,O,,,N,NA,,21.31,
828,27_2C_O,STEESE,27_2,2,C,O,,,N,NA,,12.45,
829,42_1SE_O,DALTON,42_1,1,SE,O,,,N,42,,22.68,
830,50_1SW_O,DALTON,50_1,1,SW,O,,,Y,75,,13.54,
831,8_2C_O,DALTON,8_2,2,C,O,,,N,92,,0,
832,27_2SE_O,STEESE,27_2,2,SE,O,,,N,NA,,23.33,
833,17_3SW_O,STEESE,17_3,3,SW,O,,,N,NA,,17.14,
834,55_3C_O,DALTON,55_3,3,C,O,,,N,50,,13.62,
835,39_2C_O,DALTON,39_2,2,C,O,,,N,99,21-Jun,14.43,
836,58_0NE_MC,DALTON,58_0,0,NE,M,C,5_10,Y,NA,,3.73,
837,10_0SW_MC,DALTON,10_0,0,SW,M,C,5_10,Y,NA,,31.33,
838,10_0SW_MF,DALTON,10_0,0,SW,M,F,5_10,Y,68,,45.39,
839,58_0NE_MF,DALTON,58_0,0,NE,M,F,5_10,Y,NA,,51.63,
840,16_2C_O,DALTON,16_2,2,C,O,,,N,122,,17.94,
841,37_3NW_O,DALTON,37_3,3,NW,O,,,Y,100,,10.01,
842,17_3NW_O,STEESE,17_3,3,NW,O,,,N,NA,2 BAGS WITH THIS,4.6,
843,41_1NE_O,DALTON,41_1,1,NE,O,,,N,87,,7.87,
844,39_2SW_MF,DALTON,39_2,2,SW,M,F,,N,86,21-Jun,226.66,
845,39_2SW_MC,DALTON,39_2,2,SW,M,C,,N,86,21-Jun,42.95,
846,39_2C_O,DALTON,39_2,2,C,O,,,N,79,REDONE_DROP,20.35,
847,7_3SE_MF,DALTON,7_3,3,SE,M,F,,N,89,,238.6,
848,7_3SE_MC,DALTON,7_3,3,SE,M,C,,N,89,,130.17,
849,29_1C_MF,STEESE,29_1,1,C,M,F,,N,82,,150.45,
850,29_1C_MC,STEESE,29_1,1,C,M,C,,N,82,,109.52,
851,64_1NE_O,DALTON,64_1,1,NE,O,,,Y,47,,15.06,
852,12_1NE_O,DALTON,12_1,1,NE,O,,,Y,5,,18.72,
853,27_2SW_O,STEESE,27_2,2,SW,O,,,N,67,,10.77,
854,64_1NW_O,DALTON,64_1,1,NW,O,,,Y,101,,20.71,
855,64_1SW_O,DALTON,64_1,1,SW,O,,,Y,165,,24.06,
856,25_3NW_O,STEESE,25_3,3,NW,O,,,N,NA,,33.37,
857,44_0NE_O,DALTON,44_0,0,NE,O,,,N,73,,19,
858,65_1NW_O,DALTON,65_1,1,NW,O,,,Y,66,,7.79,
859,7_3SW_O,DALTON,7_3,3,SW,O,,,N,59,,8.81,
860,50_1NW_O,DALTON,50_1,1,NW,O,,,Y,24,,16.45,
861,26_2SW_O,STEESE,26_2,2,SW,O,,,N,NA,,18.08,
862,29_1C_O,STEESE,29_1,1,C,O,,,N,NA,,7.22,
863,15_3NW_MC,DALTON,15_3,3,NW,M,C,10_15,Y,16,,0,
864,58_0SW_O,DALTON,58_0,0,SW,O,,,Y,49,,18.99,
865,56_2SW_MC,DALTON,56_2,2,SW,M,C,10_15,Y,31,,0,
866,39_2NW_MC,,39_2,2,NW,M,C,,N,4,21-Jun,0,
867,55_3SW_O,DALTON,55_3,3,SW,O,,,N,54,,0,
868,26_2SE_O,STEESE,26_2,2,SE,O,,,N,NA,,19.68,
869,28_1C_O,STEESE,28_1,1,C,O,,,N,200,,22.32,
870,41_1SE_O,DALTON,41_1,1,SE,O,,,N,123,,30.74,
871,10_0NW_O,DALTON,10_0,0,NW,O,,,Y,50,,16.15,
872,52_1SW_MC,DALTON,52_1,1,SW,M,C,0_5,Y,1,ALL ROCK,53.13,DUP
873,56_2C_MC,DALTON,56_2,2,C,M,C,5_10,Y,30,NOT MUCH,0,
874,57_2SE_MC,DALTON,57_2,2,SE,M,C,10_15,Y,46,(ACTUALLY 13),0,
875,58_0C_MC,DALTON,58_0,0,C,M,C,0_5,Y,83,REDONE_DROP,0,
876,39_2C_MC,DALTON,39_2,2,C,M,C,,N,24,21-Jun,0,
877,41_1NE_MC,DALTON,41_1,1,NE,M,C,,N,13,,236.51,
878,42_1NE_O,DALTON,42_1,1,NE,O,,,N,136,,19.81,
879,26_2NW_O,STEESE,26_2,2,NW,O,,,N,NA,,18.39,
880,25_3SW_O,STEESE,25_3,3,SW,O,,,N,NA,,24.48,
881,54_3SW_O,DALTON,54_3,3,SW,O,,,N,100,,4.08,
882,33_1SE_O,STEESE,33_1,1,SE,O,,,N,NA,,21.37,
883,18_1C_O,STEESE,18_1,1,C,O,,,N,NA,,23.74,
884,7_3SE_O,DALTON,7_3,3,SE,O,,,N,87,,0,
885,35_3NE_O,STEESE,35_3,3,NE,O,,,N,NA,,22.29,
886,19_2SW_O,STEESE,19_2,2,SW,O,,,N,NA,,38.35,DUP
887,54_3NW_O,DALTON,54_3,3,NW,O,,,N,74,,27.82,
888,25_3NE_O,STEESE,25_3,3,NE,O,,,N,NA,,30.7,
889,17_3NE_O,STEESE,17_3,3,NE,O,,,N,NA,,18.79,
890,34_2SE_O,STEESE,34_2,2,SE,O,,,N,NA,,11.97,
891,41_1C_O,DALTON,41_1,1,C,O,,,N,119,,23.48,
892,41_1SW_O,DALTON,41_1,1,SW,O,,,N,NA,,31.13,
893,28_1NE_MF,STEESE,28_1,1,NE,M,F,,N,152,,69.77,
894,28_1NE_MC,STEESE,28_1,1,NE,M,C,,N,152,,378.47,
895,47_2C_MC,DALTON,47_2,2,C,M,C,10_15,Y,69,,0,
896,56_2SE_MC,DALTON,56_2,2,SE,M,C,5_10,Y,34,ACTUALLY 5_7,0,
897,37_3SE_MC,DALTON,37_3,3,SE,M,C,5_10,Y,53,,0,
898,57_2NW_MC,DALTON,57_2,2,NW,M,C,10_15,Y,47,ACTUALLY 10_12,0,
899,57_2C_MC,DALTON,57_2,2,C,M,C,10_15,Y,39,,0,
900,37_3NE_MC,DALTON,37_3,3,NE,M,C,5_10,Y,103,,0,
901,37_3NW_MC,DALTON,37_3,3,NW,M,C,5_10,Y,21,REPLACEMENT BAG,0,
902,12_1NE_MC,DALTON,12_1,1,NE,M,C,5_10,Y,52,,0,
903,50_1NE_MC,DALTON,50_1,1,NE,M,C,10_15,Y,9,,0,
904,56_2NW_MC,DALTON,56_2,2,NW,M,C,10_15,Y,67,,0,
905,47_2C_MC,DALTON,47_2,2,C,M,C,0_5,Y,90,,0,
906,56_2SW_MC,DALTON,56_2,2,SW,M,C,0_5,Y,23,,0,
907,15_3SE_MC,DALTON,15_3,3,SE,M,C,10_15,Y,109,,0,
908,50_1C_MC,DALTON,50_1,1,C,M,C,10_15,Y,96,,0,
909,56_2NE_MC,DALTON,56_2,2,NE,M,C,5_10,Y,43,-2,0,
910,37_3C_MC,DALTON,37_3,3,C,M,C,10_15,Y,22,,0,
911,58_0C_MF,DALTON,58_0,0,C,M,F,5_10,Y,159,REDONE_DROP,23.15,
912,58_0C_MC,DALTON,58_0,0,C,M,C,5_10,Y,159,REDONE_DROP,10.96,
913,58_0NW_MC,DALTON,58_0,0,NW,M,C,5_10,Y,54,,0,
914,47_2NE_MC,DALTON,47_2,2,NE,M,C,0_5,Y,72,LOTS OF WOOD,0,
915,14_3SW_MC,DALTON,14_3,3,SW,M,C,,N,109,,336.59,
916,47_2NW_MC,DALTON,47_2,2,NW,M,C,0_5,Y,26,ALL TWIG,0,
917,10_0SE_MF,DALTON,10_0,0,SE,M,F,10_15,Y,44,,48.33,
918,12_1SE_MF,DALTON,12_1,1,SE,M,F,0_5,Y,15,,39.06,
919,12_1SE_MC,DALTON,12_1,1,SE,M,C,0_5,Y,15,,0,
920,48_1NE_MC,DALTON,48_1,1,NE,M,C,,N,134,,114.8,
921,48_1NE_MF,DALTON,48_1,1,NE,M,F,,N,134,,147.92,
922,40_2SW_MF,DALTON,40_2,2,SW,M,F,,N,149,,172.41,
923,58_0NE_MF,DALTON,58_0,0,NE,M,F,10_15,Y,45,,40.72,
924,58_0NE_MF,DALTON,58_0,0,NE,M,C,10_15,Y,45,,3.07,
925,40_2SW_MC,DALTON,40_2,2,SW,M,C,,N,149,,139.84,
926,10_0SE_MC,DALTON,10_0,0,SE,M,C,10_15,Y,44,,4.1,
927,41_1NW_MC,DALTON,41_1,1,NW,M,C,,N,91,,136.28,
928,58_0SE_MF,DALTON,58_0,0,SE,M,F,0_5,Y,48,,23.62,
929,10_0NE_MC,DALTON,10_0,0,NE,M,C,5_10,Y,72,,34.01,DUP
930,58_0SE_MC,DALTON,58_0,0,SE,M,C,0_5,Y,48,,31.77,
931,10_0NE_MC,DALTON,10_0,0,NE,M,C,5_10,Y,72,,34.01,DUP
932,58_0SW_MF,DALTON,58_0,0,SW,M,F,10_15,Y,40,,38.07,
933,41_1NW_MF,DALTON,41_1,1,NW,M,F,,N,91,,87.77,
934,58_0SW_MF,DALTON,58_0,0,SW,M,C,10_15,Y,40,,23.69,
935,50_1NE_MF,DALTON,50_1,1,NE,M,F,0_5,Y,93,NOT SIEVED,5.71,DUP
936,11_0SE_MC,DALTON,11_0,0,SE,M,C,5_10,Y,141,,29.81,
937,58_0SW_MC,DALTON,58_0,0,SW,M,C,0_5,Y,76,,23.17,
938,10_0SE_MC,DALTON,10_0,0,SE,M,C,5_10,Y,51,,15.28,
939,23_3NE_MC,STEESE,23_3,3,NE,M,C,,N,44,,131.07,
940,10_0SE_MF,DALTON,10_0,0,SE,M,F,5_10,Y,51,,47.24,
941,58_0C_MF,DALTON,58_0,0,C,M,F,10_15,Y,143,REDO,18.03,
942,58_0SW_MF,DALTON,58_0,0,SW,M,F,0_5,Y,76,,32.47,
943,10_0SE_MC,DALTON,10_0,0,SE,M,C,0_5,Y,100,,0,
944,10_0SE_MF,DALTON,10_0,0,SE,M,F,0_5,Y,100,,32.18,
945,23_3NE_MF,STEESE,23_3,3,NE,M,F,,N,44,,0,
946,11_0SE_MF,DALTON,11_0,0,SE,M,F,5_10,Y,141,,65.66,
947,58_0C_MC,DALTON,58_0,0,C,M,C,10_15,Y,143,REDO,0,
948,1_0SE_O,STEESE,1_0,0,SE,O,,,N,,,45.02,
949,1_0C_O,STEESE,1_0,0,C,O,,,N,,,20.03,
950,9_0SW_O,STEESE,9_0,0,SW,O,,,N,,,45.59,
951,6_0C_O,STEESE,6_0,0,C,O,,,N,,,19.49,
952,1_0SW_MC,STEESE,1_0,0,SW,M,C,,N,,,142.6733333,
953,9_0C_O,STEESE,9_0,0,C,O,,,N,,,25.41,
954,1_0NW_O,STEESE,1_0,0,NW,O,,,N,,,6.12,
955,31_0SE_O,STEESE,31_0,0,SE,O,,,N,,,33.43,
956,6_0SW_O,STEESE,6_0,0,SW,O,,,N,,,11.63,
957,31_0NE_O,STEESE,31_0,0,NE,O,,,N,,,10.82,
958,9_0NE_O,STEESE,9_0,0,NE,O,,,N,,,162.11,
959,6_0NE_O,STEESE,6_0,0,NE,O,,,N,,,16,
960,31_0C_O,STEESE,31_0,0,C,O,,,N,,,57.24,
961,1_0NE_O,STEESE,1_0,0,NE,O,,,N,,,5.07,
962,1_0SW_O,STEESE,1_0,0,SW,O,,,N,,,22.64,
963,6_0NW_O,STEESE,6_0,0,NW,O,,,N,,,26.02,
964,9_0SE_O,STEESE,9_0,0,SE,O,,,N,,,25.11,
965,6_0SE_MF,STEESE,6_0,0,SE,M,F,,N,,,46.4,
966,6_0SE_MC,STEESE,6_0,0,SE,M,C,,N,,,106.13,
967,1_0C_MC,STEESE,1_0,0,C,M,C,,N,,,203.07,
968,1_0C_MF,STEESE,1_0,0,C,M,F,,N,,,49.47,
969,1_0SW_MF,STEESE,1_0,0,SW,M,F,,N,,,27.04,
971,6_0SE_O,STEESE,6_0,0,SE,O,,,N,,,18.285,
972,31_0SW_MC,STEESE,31_0,0,SW,M,C,,N,,,108.45,
973,1_0SE_MC,STEESE,1_0,0,SE,M,C,,N,,,214.6,
974,1_0SE_MF,STEESE,1_0,0,SE,M,F,,N,,,144.73,
975,31_0C_MC,STEESE,31_0,0,C,M,C,,N,,,79.31,
976,31_0C_MF,STEESE,31_0,0,C,M,F,,N,,,28.91,
977,1_0NW_MC,STEESE,1_0,0,NW,M,C,,N,,,10.35,
978,1_0NW_MF,STEESE,1_0,0,NW,M,F,,N,,,14.7,
979,9_0SE_MF,STEESE,9_0,0,SE,M,F,,N,,,10.18,
980,9_0SE_MC,STEESE,9_0,0,SE,M,C,,N,,,82.97,
981,9_0NE_MC,STEESE,9_0,0,NE,M,C,,N,,,282.6,
982,6_0SW_MC,STEESE,6_0,0,SW,M,C,,N,,,262.36,
983,9_0NW_MC,STEESE,9_0,0,NW,M,C,,N,,,215.63,
984,9_0NW_O,STEESE,9_0,0,NW,O,,,N,,,37.64,
985,31_0NW_MF,STEESE,31_0,0,NW,M,F,,N,,,61.83,
986,9_0NE_MF,STEESE,9_0,0,NE,M,F,,N,,,117.92,
987,31_0NW_MC,STEESE,31_0,0,NW,M,C,,N,,,128.89,
988,6_0C_MF,STEESE,6_0,0,C,M,F,,N,,,66.89,
989,31_0SW_MF,STEESE,31_0,0,SW,M,F,,N,,,7.24,
990,31_0SW_O,STEESE,31_0,0,SW,O,,,N,,,118.21,
991,6_0C_MC,STEESE,6_0,0,C,M,C,,N,,,105.27,
992,6_0SW_MF,STEESE,6_0,0,SW,M,F,,N,,,153.89,
993,31_0NW_O,STEESE,31_0,0,NW,O,,,N,,,69.15,
994,10_0NE_MF,DALTON,10_0,0,NE,M,F,5_10,Y,72,,29.76,
995,23_3SW_O,STEESE,23_3,,SW,O,,,N,,,23.53,
996,50_1NE_MF,DALTON,50_1,1,NE,M,F,0_5,Y,93,,5.71,DUP
997,52_1C_MC,DALTON,52_1,1,C,M,C,5_10,,,,22.37,
NO_SAMPLE,4_2C_MC,STEESE,4_2,2,C,M,C,,,128,MISSING,0,
NO_SAMPLE,4_2C_MF,STEESE,4_2,2,C,M,F,,,128,MISSING,0,
NO_SAMPLE,1_0NE_MC,STEESE,1_0,0,NE,M,C,,N,,,0,
NO_SAMPLE,1_0NE_MF,STEESE,1_0,0,NE,M,F,,N,,,0,
NO_SAMPLE,6_0NW_MC,STEESE,6_0,0,NW,M,C,,N,,,0,
NO_SAMPLE,6_0NW_MF,STEESE,6_0,0,NW,M,F,,N,,,0,
NO_SAMPLE,31_0SE_MC,STEESE,31_0,0,SE,M,C,,N,,,0,
NO_SAMPLE,31_0SE_MF,STEESE,31_0,0,SE,M,F,,N,,,0,
NO_SAMPLE,9_0SW_MC,STEESE,9_0,0,SW,M,C,,N,,,0,
NO_SAMPLE,11_0NE_MC,DALTON,11_0,0,NE,M,C,5_10,Y,NA,NO COARSE,NA,
NO_SAMPLE,11_0NE_MC,DALTON,11_0,0,NE,M,C,0_5,,,,0,
NO_SAMPLE,64_1SW_MC,DALTON,11_0,0,SW,M,C,10_15,Y,121,NO COARSE,0,
NO_SAMPLE,12_1NW_MC,DALTON,12_1,1,NW,M,C,10_15,Y,83,NO COARSE,0,
NO_SAMPLE,11_0NE_MF,DALTON,11_0,,SE,M,C,5_0,,,NO COARSE,0,
NO_SAMPLE,12_1SW_MC,DALTON,12_1,1,SW,M,C,10_15,Y,144,NO COARSE,0,
NO_SAMPLE,32_2SW_O,DALTON,32_2,2,SW,O,,,,,No Sample,0,
NO_SAMPLE,37_3SE_MC,DALTON,37_3,3,SE,M,C,10_15,,82,not enough coarse,0,
NO_SAMPLE,37_3SW_MC,DALTON,37_3,3,SW,M,C,5_10,,,NO COARSE,0,
NO_SAMPLE,47_2NE_MC,DALTON,47_2,2,NE,M,C,5_10,Y,73,,0,
NO_SAMPLE,47_2NW_MC,DALTON,47_2,2,NW,M,C,5_10,Y,33,NO COARSE,0,
NO_SAMPLE,47_2SE_MC,DALTON,47_2,2,SE,M,C,0_5,Y,25,NO COARSE,0,
NO_SAMPLE,5_1C_MF,STEESE,5_1,1,C,M,F,,N,,NO SAMPLE,0,
NO_SAMPLE,50_1C_MC,DALTON,50_1,1,C,M,C,5_10,Y,,,0,
NO_SAMPLE,50_1NE_MC,DALTON,50_1,1,NE,M,C,5_10,Y,NO SAMPLE,NO COARSE,0,
NO_SAMPLE,50_1NW_MC,DALTON,50_1,1,NW,M,C,5_10,Y,,,0,
NO_SAMPLE,50_1SE_MC,DALTON,50_1,1,SE,M,C,10_15,Y,154,NO COARSE,0,
NO_SAMPLE,50_1SE_MC,DALTON,50_1,1,SE,M,C,5_10,Y,20,NO COARSE,0,
NO_SAMPLE,50_1SE_MC,DALTON,50_1,1,SE,M,C,0_5,Y,,NO COARSE,0,
NO_SAMPLE,56_2SW_MC,DALTON,56_2,2,SW,M,C,5_10,Y,,,0,
NO_SAMPLE,57_2NW_O,DALTON,57_2,2,NW,O,,,N,,NO SAMPLE,0,
NO_SAMPLE,65_1SE_MC,DALTON,65_1,1,SE,M,C,10_15,Y,126,NO COARSE,0,
TODO,5_1C_MC,STEESE,5_1,1,C,M,C,,N,96,,169.73,
TODO?,64_1C_MC,DALTON,64_1,1,C,M,C,10_15,,,can't find bag,,
TODO?,64_1C_MC,DALTON,64_1,1,C,M,F,10_15,,,can't find bag,,
,6_0NE_MC,STEESE,6_0,0,NE,M,C,,N,,,,
,6_0NE_MF,STEESE,6_0,0,NE,M,F,,N,,,,
,31_0NE_MC,STEESE,31_0,0,NE,M,C,,N,,,,
,31_0NE_MF,STEESE,31_0,0,NE,M,F,,N,,,,
,9_0C_MC,STEESE,9_0,0,C,M,C,,N,,,,
,9_0C_MF,STEESE,9_0,0,C,M,F,,N,,,,
NO_SAMPLE,9_0SW_MF,STEESE,9_0,0,SW,M,F,,N,,,,
,9_0NW_MF,STEESE,9_0,0,NW,M,F,,N,,,,